project num,lender,loan type,term,interest rate,funds,Architect,Parking Spaces,Subterranean?
CA-24-408,PNC - Tax-Exempt,"Loan, Tax-Exempt",192,5%,24470000,,,
CA-24-408,PNC - Recycled Bonds,(select),192,5%,3869000,,,
CA-24-408,Security Properties - GP Loan,(select),204,,2000000,,,
CA-24-408,PNC - Tax Credit Equity,(select),,,14180166.4,,,
CA-24-408,SP Tax Credit Developer I - DDF,(select),,,5521455,,,
CA-24-409,Rockport/221d4 ,"Loan, Taxable",480,6%,25400000,,,
CA-24-409,Rockport/221d4 ,"Loan, Taxable",480,6%,1700000,,,
CA-24-409,R4/LIHTC Equity,"Equity, LIHTC Investor",0,0%,3760678.4,,,
CA-24-409,Colliers/Equity Bridge Loan,"Loan, Equity Bridge",24,9%,8000000,,,
CA-24-410,Banner Bank,"Loan, Tax-Exempt",30,7%,33936905,,,
CA-24-410,Banner Bank,"Loan, Taxable",30,8%,4432635,,,
CA-24-410,Boston Financial,"Equity, LIHTC Investor",,,13392236,,,
CA-24-410,San Mateo County HHC ,"Loan, Residual Receipts",660,3%,6213322,,,
CA-24-410,San Mateo County MHSA,"Loan, Residual Receipts",660,3%,2200000,,,
CA-24-410,San Mateo County Measure K ,"Loan, Residual Receipts",660,3%,7157315,,,
CA-24-410,Costs Deferred to Conversion,Cost Deferral,,,2383025,,,
CA-24-411,JP Morgan/Fannie + Colliers/Tax Exempt Equity Bridge Loan,"Loan, Taxable",204,6%,9100000,,,
CA-24-411,R4/LIHTC Equity,"Equity, LIHTC Investor",0,0%,2558645.2,,,
CA-24-411,Colliers/Taxable Equity Bridge Loan,"Loan, Equity Bridge",21,9%,1690000,,,
CA-24-412,Key Bank Tax Exempt,"Loan, Tax-Exempt",18,7%,35352443,,,
CA-24-412,Key Bank Taxable,"Loan, Taxable",18,8%,23697778,,,
CA-24-412,City of Fresno - HOME,"Loan, Residual Receipts",660,3%,3000000,,,
CA-24-412,HCD - IIG,"Loan, Residual Receipts",660,0%,1204947,,,
CA-24-412,Deferred Developer Fee,"Developer Fee, Deferral",,0%,1300000,,,
CA-24-412,Investor Equity,"Equity, LIHTC Investor",,0%,4745880,,,
CA-24-412,Developer Contribution,"Developer Fee, Contribution",,0%,797603,,,
CA-24-413,California Bank & Trust,"Loan, Tax-Exempt",24,6%,11000000,,,
CA-24-413,California Bank & Trust,"Loan, Taxable",24,6%,2972081,,,
CA-24-413,Bonneville,"Loan, Tax-Exempt, Recycled",24,7%,2700000,,,
CA-24-413,"Pacific West Communities, Inc.","Developer Fee, Deferral",24,0%,2500000,,,
CA-24-413,Petaluma Pacific Associates,Cost Deferral,,,278052,,,
CA-24-413,Boston Financial,"Equity, LIHTC Investor",,,1316682,,,
CA-24-414,Citi Community Capital,"Loan, Tax-Exempt",38,8%,36027000,,,
CA-24-414,HCD - NHTF,"Loan, Residual Receipts",38,0%,6287642,,,
CA-24-414,HCD - HHC,"Loan, Residual Receipts",38,3%,15300000,,,
CA-24-414,HCD - IIG,"Loan, General Partner",38,0%,4291749,,,
CA-24-414,Impact Fee Waiver,Waived Fee,,,944570,,,
CA-24-414,Cost Deferred Until Conversion,Cost Deferral,,,19101990,,,
CA-24-414,Limited Partners,"Equity, LIHTC Investor",,,5280626,,,
CA-24-414,HCD-HHC Acrrued Deferred Interest,Accrued Interest,,,362278,,,
CA-24-415,California Bank & Trust,"Loan, Tax-Exempt",30,6%,20000000,,,
CA-24-415,California Bank & Trust,"Loan, Taxable",30,6%,8208728,,,
CA-24-415,Town of Truckee,"Loan, Residual Receipts",30,3%,1000000,,,
CA-24-415,Regional Housing Authority,"Loan, Residual Receipts",30,3%,1000000,,,
CA-24-415,"Pacific West Communities, Inc.","Developer Fee, Deferral",30,0%,4771836,,,
CA-24-415,Truckee Pacific Crest Assoc.,Cost Deferral,,,374002,,,
CA-24-415,Boston Financial,"Equity, LIHTC Investor",,,1899363,,,
CA-24-415,State of CA - Land Contribution (Ground Lease),Value of Lease,,,1760000,,,
CA-24-416,California Bank & Trust,"Loan, Tax-Exempt",24,7%,10900000,,,
CA-24-416,California Bank & Trust,"Loan, Taxable",24,7%,2097963,,,
CA-24-416,City of Holtville,"Loan, Residual Receipts",24,3%,5148297,,,
CA-24-416,"Pacific West Communities, Inc.","Developer Fee, Deferral",24,0%,1667612,,,
CA-24-416,Holtville Senior Associates,Cost Deferral,,,117171,,,
CA-24-416,Boston Financial,"Equity, LIHTC Investor",,,651122,,,
CA-24-417,"Citibank, N.A.","Loan, Tax-Exempt",36,6%,61000000,,,
CA-24-417,"Citibank, N.A.","Loan, Taxable",36,6%,26640148,,,
CA-24-417,HCD - IIG Loan,"Loan, Residual Receipts",36,3%,5000000,,,
CA-24-417,"Pacific West Communities, Inc.","Developer Fee, Deferral",36,0%,14641382,,,
CA-24-417,Richmond Metrowalk Assoc.,Cost Deferral,,,1147405,,,
CA-24-417,Boston Financial,"Equity, LIHTC Investor",,,5414965,,,
CA-24-417,City of Richmond - Value of Ground Lease,Value of Lease,,,8250000,,,
CA-24-418,California Bank & Trust,"Loan, Tax-Exempt",30,6%,29000000,,,
CA-24-418,California Bank & Trust,"Loan, Taxable",30,6%,10825541,,,
CA-24-418,Town of Mammoth Lakes - Land Loan,"Loan, Residual Receipts",30,3%,580000,,,
CA-24-418,Town of Mammoth Lakes - Fee Deferral Loan,"Loan, Residual Receipts",30,3%,230551,,,
CA-24-418,HCD - IIG Loan,"Loan, Residual Receipts",30,3%,3600000,,,
CA-24-418,"Pacific West Communities, Inc.","Developer Fee, Deferral",30,0%,6848968,,,
CA-24-418,Mammoth Lakes Pacific Associates II,Cost Deferral,,,336444,,,
CA-24-418,Boston Financial,"Equity, LIHTC Investor",,,2293354,,,
CA-24-419,"Citibank, N.A.","Loan, Tax-Exempt",36,6%,39500000,,,
CA-24-419,"Citibank, N.A.","Loan, Taxable",36,6%,3926645,,,
CA-24-419,Bonneville,"Loan, Tax-Exempt, Recycled",36,7%,18000000,,,
CA-24-419,"Pacific West Communities, Inc.","Developer Fee, Deferral",36,0%,8791044,,,
CA-24-419,Milpitas Main Street Pacific Assoc.,Cost Deferral,,,969192,,,
CA-24-419,Boston Financial,"Equity, LIHTC Investor",,,2943650,,,
CA-24-420,"Citibank, N.A.","Loan, Tax-Exempt",36,6%,26000000,,,
CA-24-420,"Citibank, N.A.","Loan, Taxable",36,6%,9291758,,,
CA-24-420,County of Riverside,"Loan, Residual Receipts",36,3%,2900000,,,
CA-24-420,City of Murrieta,"Loan, Residual Receipts",36,3%,1769773,,,
CA-24-420,"Pacific West Communities, Inc.","Developer Fee, Deferral",36,0%,6206130,,,
CA-24-420,WRCOG,Waived Fee,,,822500,,,
CA-24-420,Murrieta Pacific Associates,Cost Deferral,,,589762,,,
CA-24-420,Boston Financial,"Equity, LIHTC Investor",,,3043955,,,
CA-24-421,"Citibank, N.A.","Loan, Tax-Exempt",36,6%,36000000,,,
CA-24-421,"Citibank, N.A.","Loan, Taxable",36,6%,12970367,,,
CA-24-421,City of Indio - LMIHAF Loan,"Loan, Residual Receipts",36,3%,2471850,,,
CA-24-421,County of Riverside,"Loan, Residual Receipts",36,3%,2000000,,,
CA-24-421,City of Indio - Fee Deferral Loan,"Loan, Residual Receipts",36,3%,1472922,,,
CA-24-421,"Pacific West Communities, Inc.","Developer Fee, Deferral",36,0%,8427002,,,
CA-24-421,CVAG,Waived Fee,,,281240,,,
CA-24-421,Indio Avenue 44 Pacific Assoc.,Cost Deferral,,,762298,,,
CA-24-421,Boston Financial,"Equity, LIHTC Investor",,,4023148,,,
CA-24-422,Berkadia - TEB,"Loan, Tax-Exempt",24,7%,39300000,,,
CA-24-422,Berkadia - Recycled Bonds,"Loan, Tax-Exempt, Recycled",,,6500000,,,
CA-24-422,Berkadia - Taxable Tail,"Loan, Taxable",,,11632603.4,,,
CA-24-422,CREA - Tax Credit Equity,"Equity, LIHTC Investor",,,6262623.73,,,
CA-24-422,Deferred and Fees Cost,"Equity, Other Investor",,,10199782,,,
CA-24-423,Berkadia - Tax Exempt Bonds,"Loan, Tax-Exempt",36,7%,61100000,,,
CA-24-423,Berkadia - Recycled Bonds,"Loan, Tax-Exempt, Recycled",,,9750000,,,
CA-24-423,Berkadia - Taxable Tail,"Loan, Taxable",,,14307811,,,
CA-24-423,CREA - Investor Capital,"Equity, LIHTC Investor",,,18757063,,,
CA-24-423,Deferred Costs & Fees,Cost Deferral,,,10445068,,,
CA-24-424,Citi - Tax Exempt Bonds ,"Loan, Tax-Exempt",33,8%,38323293,,,
CA-24-424,Citi - Taxable Tail ,"Loan, Taxable",33,8%,16303111,,,
CA-24-424,HCD - Infill Infrastructure Grant Program,Grant,,,5469400,,,
CA-24-424,Deferred Developer Fees ,"Developer Fee, Deferral",,,5174961,,,
CA-24-424,Other Deferred Costs ,Cost Deferral,,,3147822,,,
CA-24-424,R4 -Tax Credit Equity  ,"Equity, LIHTC Investor",,,6145907,,,
CA-24-425,Bank of America N.A. ,"Loan, Tax-Exempt",26,8%,39987612.11,,,
CA-24-425,Bank of America N.A. ,"Loan, Taxable",26,8%,20199225.57,,,
CA-24-425,HCD - FWHG,"Loan, Residual Receipts",660,3%,6612672,,,
CA-24-425,LP Equity ,"Equity, LIHTC Investor",,,4430291.954,,,
CA-24-425,GP equity,"Equity, General Partner",,,1000000,,,
CA-24-426,Citibank,"Loan, Tax-Exempt",24,8%,5945000,,,
CA-24-426,Citibank,"Loan, Tax-Exempt, Recycled",24,8%,2055000,,,
CA-24-426,HVN 121 Mathews LLC,"Loan, General Partner",24,8%,2151713,,,
CA-24-426,"HVN Development, LLC","Developer Fee, Deferral",,,1234572,,,
CA-24-426,LIHTC Equity,"Equity, LIHTC Investor",,,433077,,,
CA-24-426,Reserves deferred to perm conversion,Cost Deferral,,,164584.1415,,,
CA-24-427,Citi,"Loan, Tax-Exempt",24,6%,42000000,,,
CA-24-427,Red Stone Equity,"Equity, LIHTC Investor",24,,7690544,,,
CA-24-427,G.P. Note Construction,"Loan, General Partner",24,4%,20900593,,,
CA-24-427,Deferred Developer Fee,"Developer Fee, Deferral",120,4%,8913241,,,
CA-24-428,Citibank,"Loan, Tax-Exempt",24,8%,7170000,,,
CA-24-428,Citibank,"Loan, Tax-Exempt, Recycled",24,8%,2830000,,,
CA-24-428,HVN 6018 Brynhurst LLC,"Loan, General Partner",24,8%,2187138,,,
CA-24-428,"HVN Development, LLC","Developer Fee, Deferral",,,1497073,,,
CA-24-428,LIHTC Equity,"Equity, LIHTC Investor",,,525160,,,
CA-24-428,Reserves deferred to perm conversion,Cost Deferral,,,198571.3645,,,
CA-24-429,Chase Bank,"Loan, Tax-Exempt",27,6%,54685365.97,,,
CA-24-429,Chase Bank,"Loan, Taxable",27,6%,19073171.75,,,
CA-24-429,City of Fremont,"Loan, Residual Receipts",660,3%,17276908,,,
CA-24-429,Sponsor loan HCD AHSC HRI grant,"Loan, General Partner",660,0%,3711802,,,
CA-24-429,Sponsor loan - AHSC Program grant,"Loan, General Partner",660,0%,210000,,,
CA-24-429,Sponsor loan - DTSC grant,"Loan, General Partner",660,0%,450000,,,
CA-24-429,LP equity available for construction,"Equity, LIHTC Investor",0,,4784336.371,,,
CA-24-430,Citi Bank Tax-Exempt,"Loan, Tax-Exempt",,6%,33637605,,,
CA-24-430,Citi Bank Taxable,"Loan, Taxable",,6%,5656735,,,
CA-24-430,Raymond James - Tax Credit Equity,"Equity, LIHTC Investor",,,25590033,,,
CA-24-430,Deferred Reserve Funding,"Reserve, Held by Others",,,912990,,,
CA-24-430,Net Cash Flow During Lease-up,Net Operating Income,,,961741,,,
CA-24-430,Deferred Developer Fee,"Developer Fee, Deferral",,,2834350,,,
CA-24-431,Tax Exempt Construction Loan,"Loan, Tax-Exempt",360,7%,53184967,,,
CA-24-431,Taxable construction loan,"Loan, Conventional",360,7%,19415492,,,
CA-24-431,Tax Credit Equity,"Equity, LIHTC Investor",,,28120360,,,
CA-24-431,HCD IIG,"Loan, Residual Receipts",660,0%,6811172,,,
CA-24-431,County HOME,"Loan, Residual Receipts",660,3%,1867258,,,
CA-24-432,Berkadia - TEB,"Loan, Tax-Exempt",42,7%,76500000,,,
CA-24-432,Berkadia - Recycled Bonds,"Developer Fee, Deferral",,,12750000,,,
CA-24-432,Berkadia - Taxable Tail,Net Operating Income,,,22063833,,,
CA-24-432,Deferred Developer Fee,"Equity, LIHTC Investor",,,17685910,,,
CA-24-432,Deferred Reserve Funding,(select),,,995265,,,
CA-24-432,CREA,(select),,,12672493,,,
CA-24-433,Citi Community Capital,"Loan, Tax-Exempt",30,6%,34000000,,,
CA-24-433,Citi Community Capital,"Loan, Taxable",30,6%,5200000,,,
CA-24-433,Sacramento Housing and Redevelopment Agency,"Loan, Residual Receipts",504,4%,8280000,,,
CA-24-433,Sacramento County Fee Waivers,Waived Fee,,,1226995,,,
CA-24-433,Deferred Costs,Cost Deferral,,,8469359,,,
CA-24-433,WNC,"Equity, LIHTC Investor",,,6016316,,,
CA-24-434,Tax Exempt Construction Loan - Citibank,"Loan, Tax-Exempt",30,7%,38620493,,,
CA-24-434,Taxable Construction Loan - Citibank,"Loan, Taxable",30,7%,23142874,,,
CA-24-434,Tax Credit Equity - WNC Inc. ,"Equity, LIHTC Investor",,,17372039,,,
CA-24-435,Citibank TE Construction Loan,"Loan, Tax-Exempt",36,7%,25588048,,,
CA-24-435,HCD IIG,Grant,,,2910000,,,
CA-24-435,HCD HOME,"Loan, Residual Receipts",660,3%,5162446,,,
CA-24-435,HCD LGMG,Grant,,,9999999,,,
CA-24-435,City HOME PI Loan,"Loan, Residual Receipts",,0%,625000,,,
CA-24-435,Deferred Developer Fee,"Developer Fee, Deferral",,,3400000,,,
CA-24-435,Deferred Costs,Cost Deferral,,,158553.1,,,
CA-24-435,Red Stone Tax Credit Equity,"Equity, LIHTC Investor",,,2652633.4,,,
CA-24-436,Bank of America,"Loan, Tax-Exempt",24,8%,21352301,,,
CA-24-436,Bank of America,"Loan, Taxable",24,8%,4107237,,,
CA-24-436,County of Riverside,"Loan, Residual Receipts",660,3%,5400000,,,
CA-24-436,Murrieta Housing Authority,"Loan, Residual Receipts",660,3%,1500000,,,
CA-24-436,Murrieta Housing Authority,"Loan, Residual Receipts",660,3%,1260000,,,
CA-24-436,Accrued Soft Loan Interest,Accrued Interest,,,416160,,,
CA-24-436,GP Contribution,"Developer Fee, Contribution",,,2089493,,,
CA-24-436,Deferred Developer Fee,"Developer Fee, Deferral",,,626032,,,
CA-24-436,Costs deferred to Completion,Cost Deferral,,,2659959,,,
CA-24-436,GP Equity,"Equity, General Partner",,,100,,,
CA-24-436,Tax Credit Equity,"Equity, LIHTC Investor",,,2850415,,,
CA-24-437,BofA/Tax Exempt Bonds,"Loan, Tax-Exempt",30,8%,45633160,,,
CA-24-437,BofA/Taxable Bridge Loan,"Loan, Taxable",30,8%,20168082,,,
CA-24-437,LAHD/AHMP,"Equity, General Partner",30,,6300000,,,
CA-24-437,GP Capital Contribution,"Equity, General Partner",30,,2500000,,,
CA-24-437,CREA/Tax Credit Proceeds,"Equity, LIHTC Investor",30,,15639527,,,
CA-24-437,Deferred Fees,"Developer Fee, Deferral",,,1868000,,,
CA-24-437,Deferred Reserves,Cost Deferral,,,1107987,,,
CA-24-437,Deferred and Accrued Interest,Accrued Interest,,,630000,,,
CA-24-438,Construction Loan ,"Loan, Tax-Exempt",24,7%,22000000,,,
CA-24-438,Housing Authority Seller Carryback Loan,"Loan, Seller Note",660,3%,15390000,,,
CA-24-438,Deferred Costs,Cost Deferral,,,1781973,,,
CA-24-438,Tax Credit Equity,"Equity, LIHTC Investor",,,2930606,,,
CA-24-439,Banner Bank (Tax Exempt Bonds),"Loan, Tax-Exempt",24,7%,18200000,,,
CA-24-439,Banner Bank (Taxable ),"Loan, Taxable",24,7%,7133807.371,,,
CA-24-439,SHRA,"Loan, Residual Receipts",660,3%,2000000,,,
CA-24-439,CRDP,"Loan, Residual Receipts",660,3%,1500000,,,
CA-24-439,Equity,"Equity, LIHTC Investor",,,1943423,,,
CA-24-439,Deferred Costs,Cost Deferral,,,4700784,,,
CA-24-440,Citibank Construction Loan (Tax- Exempt),"Loan, Tax-Exempt",24,7%,16591774,,,
CA-24-440,Citibank Construction Loan (Taxable) ,"Loan, Taxable",24,7%,1470537,,,
CA-24-440,Federal LIHTC Equity,"Equity, LIHTC Investor",,,3299525,,,
CA-24-440,State LIHTC Equity,"Equity, LIHTC Investor",,,2036063,,,
CA-24-440,San Diego Housing Commission ,"Loan, Residual Receipts",,,2200000,,,
CA-24-440,County of San Diego ARPA,"Loan, Residual Receipts",,,2750000,,,
CA-24-440,City of San Diego CDBG,"Loan, Residual Receipts",,,2500000,,,
CA-24-440,Deferred Costs,Cost Deferral,,,3762628,,,
CA-24-441,Citibank Construction Loan (Tax Exempt),"Loan, Tax-Exempt",30,6%,35462141,,,
CA-24-441,Citibank Construction Loan (Recycled Bonds),"Loan, Tax-Exempt, Recycled",30,6%,6000000,,,
CA-24-441,Citibank Construction Loan ,"Loan, Taxable",30,7%,15142503,,,
CA-24-441,Federal LIHTC Equity,"Equity, LIHTC Investor",,,8027012,,,
CA-24-441,Deferred Cost,Cost Deferral,,,9183486,,,
CA-24-442,Citibank,"Loan, Tax-Exempt",24,7%,42207981,,,
CA-24-442,Citibank,"Loan, Conventional",24,8%,31011475,,,
CA-24-442,WNC & Associates,"Equity, LIHTC Investor",,,5992354,,,
CA-24-442,NOI,Net Operating Income,,,928217,,,
CA-24-442,Deferred Developer Fee,"Developer Fee, Deferral",,,4345177,,,
CA-24-442,GP Equity,"Equity, General Partner",,,43669,,,
CA-24-442,Seller Credit,Other Source,,,800000,,,
CA-24-443,Tax exempt Bonds,"Loan, Tax-Exempt",24,6%,46000000,,,
CA-24-443,Construction loan,"Loan, Taxable",24,7%,25825431,,,
CA-24-443,Federal LIHTC Equity,"Equity, LIHTC Investor",,,9438317,,,
CA-24-443,State LIHTC Equity,"Equity, LIHTC Investor",,,3782528,,,
CA-24-443,Deferred Costs,Cost Deferral,,,11917998,,,
CA-24-444,Key Bank Construction Loan - Tax-exempt,"Loan, Tax-Exempt",24,6%,53958683,,,
CA-24-444,Key Bank Construction Loan - Taxable,"Loan, Taxable",24,6%,25348904,,,
CA-24-444,"HCD Joe Serna, Jr. FWHG","Loan, Residual Receipts",660,3%,9832515,,,
CA-24-444,Accrued Soft Loan Interest,Accrued Interest,,,373635.57,,,
CA-24-444,GP Equity,"Equity, General Partner",,,100,,,
CA-24-444,LP Equity,"Equity, LIHTC Investor",,,4439124.685,,,
CA-24-444,Deferred Developer Fee,"Developer Fee, Deferral",,,1700000,,,
CA-24-444,Costs Deferred to Perm Conversion,Cost Deferral,,,7294337,,,
CA-24-445,Const Loan - Tax Exempt,"Loan, Tax-Exempt",20,8%,36730080,,,
CA-24-445,Const Loan - Taxable Tail,"Loan, Taxable",20,8%,18892414,,,
CA-24-445,Tax Credit Equity,"Equity, LIHTC Investor",,,6167237,,,
CA-24-445,City Land Reimbursement,Other Source,,,850000,,,
CA-24-445,Impact Fee Waiver,Waived Fee,,,1535881,,,
CA-24-445,Deferred Fees & Costs,Cost Deferral,,,12994722,,,
CA-24-446,US Bank - Tax Exempt,"Loan, Tax-Exempt",27,8%,18874700.73,,,
CA-24-446,US Bank - Taxable,"Loan, Taxable",27,8%,8252081.959,,,
CA-24-446,Alameda Affordable Housing Corporation - AAHTF,"Loan, Residual Receipts",660,3%,5000000,,,
CA-24-446,LP Equity ,"Equity, LIHTC Investor",,,2063632.187,,,
CA-24-446,FHLB AHP ,"Loan, Residual Receipts",660,0%,690000,,,
CA-24-446,GP Equity ,"Equity, General Partner",,,100,,,
CA-24-447,Tax-Exempt Construction Loan,"Loan, Tax-Exempt",18,8%,36278000,,,
CA-24-447,Recycled Bonds,"Loan, Tax-Exempt, Recycled",18,8%,4410902,,,
CA-24-447,"Seller Carryback Loan, Ground Lease & Building","Loan, Seller Note",18,4%,10434363,,,
CA-24-447,"Accrued Deferred Interest- Seller Carryback Loan, Ground Lease",Accrued Interest,,,722257,,,
CA-24-447,Assumed City of Poway Loan,Other Source,18,4%,6001926,,,
CA-24-447,Accrued Deferred Interest - Assumed ,Accrued Interest,,,413510,,,
CA-24-447,Cost Deferred until Conversion,Cost Deferral,,,2272938,,,
CA-24-447,Deferred Developer Fee,"Developer Fee, Deferral",,,2806367,,,
CA-24-447,GP Capital ,"Reserve, Acquired",,,2863420,,,
CA-24-447,Limited Partners,"Equity, LIHTC Investor",,,2696434,,,
CA-24-448,Merchants Capital - Tax-Exempt Bonds,"Loan, Tax-Exempt",24,8%,24500000,,,
CA-24-448,Merchants Capital - Recycled Bonds,"Loan, Tax-Exempt, Recycled",24,8%,4200000,,,
CA-24-448,Merchants Capital - Equity Bridge Loan,"Loan, Equity Bridge",24,8%,4685840,,,
CA-24-448,WNC - Equity,"Equity, Other Investor",,,13550000,,,
CA-24-448,Deferred Costs,Cost Deferral,,,4083040,,,
CA-24-449,Banner Bank,"Loan, Tax-Exempt",30,8%,31862674,,,
CA-24-449,Banner Bank,"Loan, Taxable",30,8%,11126687,,,
CA-24-449,City of Modesto HOME,"Loan, Residual Receipts",30,3%,3509216,,,
CA-24-449,City of Modesto CDBG,(select),30,3%,1490784,,,
CA-24-449,City of Modesto PLHA,"Loan, Residual Receipts",30,3%,1852631,,,
CA-24-449,Costs Deferred Until Conv,Cost Deferral,,,2371541,,,
CA-24-449,Deferred Developer Fee,"Developer Fee, Deferral",,,4900306,,,
CA-24-449,Capital Contributions - GP,"Equity, General Partner",,,100,,,
CA-24-449,Capital Contributions - LP,"Equity, LIHTC Investor",,,2716711,,,
CA-24-449,AHSC HRI,(select),,,1300000,,,
CA-24-450,Tax-Exempt Loan (Chase Bank),"Loan, Tax-Exempt",24,7%,44552403.25,,,
CA-24-450,Taxable Construction Loan,"Loan, Taxable",24,7%,10934851.01,,,
CA-24-450,HCD LGMG,"Loan, Residual Receipts",660,0%,8100000,,,
CA-24-450,HCD IIG,"Loan, Residual Receipts",660,0%,8746488,,,
CA-24-450,City of Riverside - HOME,"Loan, Residual Receipts",660,3%,1154171,,,
CA-24-450,Build Grant - Sponsor Loan,"Loan, Residual Receipts",660,0%,648475,,,
CA-24-450,Deferred Developer Fee,"Developer Fee, Deferral",,,1300000,,,
CA-24-450,GP Equity,"Equity, General Partner",,,100,,,
CA-24-450,LP Equity,"Equity, LIHTC Investor",,,3761234.536,,,
CA-24-450,Other Costs Deferred to Conversion,Cost Deferral,,,6008190.257,,,
CA-24-451,"Bank of America, N.A.","Loan, Tax-Exempt",26,8%,33660145.21,,,
CA-24-451,"Bank of America, N.A.","Loan, Taxable",26,8%,9480112.146,,,
CA-24-451,HCD - Serna FWHG,"Loan, Residual Receipts",660,3%,10000000,,,
CA-24-451,County of Riverside PLHA,"Loan, Residual Receipts",660,3%,7000000,,,
CA-24-451,Land value donation,Value of Donation,,,405000,,,
CA-24-451,LP equity available for construction,"Equity, LIHTC Investor",,,4931614.717,,,
CA-24-452,Bank of America tax exempt,"Loan, Tax-Exempt",24,8%,19997822.39,,,
CA-24-452,Bank of America taxable,"Loan, Taxable",24,8%,10298679.08,,,
CA-24-452,HCD FWHG,"Loan, Residual Receipts",660,3%,2698773,,,
CA-24-452,LP equity ,"Equity, LIHTC Investor",,,2358670.499,,,
CA-24-453,Construction Loan - Tax Exempt,"Loan, Tax-Exempt",24,7%,9900000,,,
CA-24-453,Construction Loan - Taxable,"Loan, Taxable",24,8%,1200000,,,
CA-24-453,City of Bakersfield Loans,"Loan, Residual Receipts",660,3%,2324446,,,
CA-24-453,Housing Authority RAD Loan,"Loan, Residual Receipts",660,3%,2000000,,,
CA-24-453,Deferred Costs,Cost Deferral,,0%,2318039,,,
CA-24-453,PNC,"Equity, LIHTC Investor",,0%,1825117,,,
CA-24-454,"Greystone & Co., Construction Loan","Loan, Tax-Exempt",36,8%,21001949,,,
CA-24-454,"Greystone & Co., Construction Loan","Loan, Taxable",,,4998051,,,
CA-24-454,CREA LLC,"Equity, LIHTC Investor",,,1962592,,,
CA-24-454,Contributed Developer Fee,"Developer Fee, Contribution",,,2200000,,,
CA-24-454,Deferred Costs,"Developer Fee, Deferral",,,13571664,,,
CA-24-455,Citibank Construction Loan,"Loan, Tax-Exempt",480,8%,21924368,,,
CA-24-455,Citibank Construction Loan,"Loan, Taxable",480,8%,15140200,,,
CA-24-455,CREA LLC,"Equity, LIHTC Investor",,,3493914,,,
CA-24-455,Waived Impact Fees,Waived Fee,,,450432,,,
CA-24-455,Deferred Cost,Cost Deferral,,,7776423,,,
CA-24-456,"Citibank, N.A.","Loan, Tax-Exempt",36,6%,73000000,,,
CA-24-456,"Citibank, N.A.","Loan, Taxable",36,6%,34494616,,,
CA-24-456,Bonneville,"Loan, Tax-Exempt, Recycled",36,7%,10000000,,,
CA-24-456,"LIHTC Advisors, LLC","Developer Fee, Deferral",36,0%,16000000,,,
CA-24-456,City of San Diego,Waived Fee,,,622427,,,
CA-24-456,"Alvarado Creek Associates, LP",Cost Deferral,,,1447992,,,
CA-24-456,Boston Financial,"Equity, LIHTC Investor",,,8638068,,,
CA-24-457,Citi Community Capital,"Loan, Tax-Exempt",36,6%,61000000,,,
CA-24-457,Citi Community Capital,"Loan, Taxable",36,6%,2200000,,,
CA-24-457,"Safehold, Inc.",(select),,,18700000,,,
CA-24-457,WNC ,(select),,,21268324,,,
CA-24-457,Deferred Costs,(select),,,15700516,,,
CA-24-457,NOI during Construction,(select),,,444334,,,
CA-24-457,Citibank - Recycled TE Bonds,"Loan, Tax-Exempt, Recycled",36,6%,3000000,,,
CA-24-458,Berkadia - TEB,"Loan, Tax-Exempt",42,7%,99000000,,,
CA-24-458,Berkadia - Recycled Bonds,(select),,,15000000,,,
CA-24-458,Berkadia - Taxable Tail,(select),,,28127353,,,
CA-24-458,CREA - Tax Credit Equity,(select),,,20916704,,,
CA-24-458,Deferred Developer Fee,(select),,,19512694,,,
CA-24-458,Deferred Reserve Funding,(select),,,1261528,,,
CA-24-459,Walker & Dunlop,"Loan, Tax-Exempt",26,8%,8245486,,,
CA-24-459,County of Riverside HOME-ARP,"Loan, Residual Receipts",26,3%,1800000,,,
CA-24-459,Accrued Deferred Interest-County of Riverside HOME ARP,Accrued Interest,26,,71035,,,
CA-24-459,GP Loan - Congressional Allocation,"Loan, General Partner",26,0%,3000000,,,
CA-24-459,Lessor Carryback Note,"Loan, Seller Note",26,0%,290000,,,
CA-24-459,Costs Deferred Until Conversion,Cost Deferral,,,1191859,,,
CA-24-459,GP Capital - Sponsor,"Equity, General Partner",,,100,,,
CA-24-459,Limited Partner Equity,"Equity, LIHTC Investor",,,1479376,,,
CA-24-460,San Diego Interfaith Housing Foundation,"Loan, Conventional",24,7%,12300000,,,
CA-24-460,CMFA Recycle Bonds,"Loan, Tax-Exempt, Recycled",24,7%,2000000,,,
CA-24-460,Deferred Developer Fee,"Developer Fee, Deferral",24,0%,1729637,,,
CA-24-460,G.P. Loan,"Loan, General Partner",24,4%,7114738,,,
CA-24-461,CBRE Tax-Exempt  Perm Bond Proceeds + Sterling TEB Construction Loan,"Loan, Tax-Exempt",,8%,28952246,,,
CA-24-461,Sterling - Construction Loan Recycled Bonds,"Loan, Tax-Exempt, Recycled",,8%,6000000,,,
CA-24-461,Sterling - Construction Loan Taxable Tail,"Loan, Taxable",,9%,2292379,,,
CA-24-461,R4 Tax Credit Proceeds,"Equity, LIHTC Investor",,,3165267,,,
CA-24-461,City of Oceanside ,"Loan, Residual Receipts",,,4207493,,,
CA-24-461,Operating Income,Net Operating Income,,,2685284,,,
CA-24-461,GP Equity Loan,"Loan, General Partner",,,4000000,,,
CA-24-461,Deferred Fees and Costs,Cost Deferral,,,6539124,,,
CA-24-462,Citibank,"Loan, Tax-Exempt",30,7%,30955082,,,
CA-24-462,Citibank,"Loan, Tax-Exempt, Recycled",30,7%,6304092,,,
CA-24-462,Citibank,"Loan, Taxable",30,8%,2230644,,,
CA-24-462,Richman Group,"Equity, LIHTC Investor",,,8142562,,,
CA-24-462,Deferral Developer Fee,"Developer Fee, Deferral",,,6130606,,,
CA-24-462,Seller Note,"Loan, Seller Note",660,5%,4050000,,,
CA-24-462,Accrued Interest,Accrued Interest,,,354375,,,
CA-24-462,Deferral Cost,Cost Deferral,,,4873555,,,
CA-24-463,Tax-Exempt Construction Loan - Wells Fargo,"Loan, Tax-Exempt",32,7%,45579468,,,
CA-24-463,Taxable Construction Loan - Wells Fargo,"Loan, Conventional",32,7%,20179847,,,
CA-24-463,HCD IIG,"Loan, Residual Receipts",,0%,1317000,,,
CA-24-463,HCD LGMG,"Loan, Residual Receipts",,0%,7760753,,,
CA-24-463,Costs Deferred Until Conversion,Cost Deferral,,,2552495,,,
CA-24-463,Deferred Developer Fee,"Developer Fee, Deferral",,,8892342,,,
CA-24-463,GP Capital Contribution,"Equity, General Partner",,,100,,,
CA-24-463,Limited Partner Equity,"Equity, LIHTC Investor",,,7003849,,,
CA-24-464,Citibank,"Loan, Tax-Exempt",30,7%,71674029,,,
CA-24-464,Citibank,"Loan, Tax-Exempt, Recycled",30,7%,14497825,,,
CA-24-464,Citibank,"Loan, Taxable",30,8%,4393662,,,
CA-24-464,Richman Group,"Equity, LIHTC Investor",,,32895292,,,
CA-24-464,Deferred Developer Fee,"Developer Fee, Deferral",,,14553368,,,
CA-24-464,Cost Deferral,Cost Deferral,,,6964074,,,
CA-24-465,U.S. Bank TE Con Loan,"Loan, Tax-Exempt",30,7%,24581243,,,
CA-24-465,Century Housing Taxable Con Loan,"Loan, Taxable",36,3%,6583314,,,
CA-24-465,City of Inglewood HOME Funds,"Loan, Residual Receipts",660,1%,4000000,,,
CA-24-465,City of Inglewood Housing Bonds,"Loan, Residual Receipts",660,1%,2500000,,,
CA-24-465,Federal LIHTC Equity,"Equity, LIHTC Investor",,,2399030,,,
CA-24-465,State LIHTC Equity,"Equity, LIHTC Investor",,,1124212,,,
CA-24-465,Deferred Developer Fee,"Developer Fee, Deferral",,5%,1900000,,,
CA-24-465,GP Equity,"Equity, General Partner",,,3260700,,,
CA-24-465,Inglewood First UMC,Other Source,,,350000,,,
CA-24-466,Citibank,"Loan, Tax-Exempt",30,8%,68234030,,,
CA-24-466,Citibank - Taxable,"Loan, Taxable",30,9%,26068951,,,
CA-24-466,LAHD - HHH,"Loan, Residual Receipts",30,3%,9000000,,,
CA-24-466,HCD - IIG,Grant,30,0%,7500000,,,
CA-24-466,Deferred Costs,Cost Deferral,,,15256203,,,
CA-24-466,LP Equity,"Equity, LIHTC Investor",,,6798906,,,
CA-24-467,Citi Bank ,"Loan, Tax-Exempt",30,7%,23752406,,,
CA-24-467,HCD Joe Serna Farmworker ,"Loan, Residual Receipts",30,3%,2346432,,,
CA-24-467,HCD IIG ,"Loan, Residual Receipts",30,0%,3115600,,,
CA-24-467,County of Ventura General Funds ,"Loan, Residual Receipts",30,3%,2056080,,,
CA-24-467,City of Ventura Deferred Impact Fee Loan ,"Loan, Residual Receipts",30,3%,576622,,,
CA-24-467,City of Ventura CDBG ,"Loan, Residual Receipts",30,0%,503869,,,
CA-24-467,Costs Deferred until Conversion ,Cost Deferral,,,1152753,,,
CA-24-467,Deferred Developer Fee,"Developer Fee, Deferral",,,2760778,,,
CA-24-467,Limited Partner Equity ,"Equity, LIHTC Investor",,,6011216,,,
CA-24-468,TE Construction Loan -Citi,"Loan, Tax-Exempt",30,7%,30332413,,,
CA-24-468,Taxable Construction Loan - Citi,"Loan, Conventional",30,7%,9009933,,,
CA-24-468,LAHD - Managed Pipeline ,"Loan, Residual Receipts",55,4%,7341441,,,
CA-24-468,Tax Credit Equity,"Equity, LIHTC Investor",,,10806652,,,
CA-24-468,Cost Deferred until Perm,Cost Deferral,,,3257591,,,
CA-24-469,Citi - Tax-Exempt Construction Loan,"Loan, Tax-Exempt",29,7%,39799383,,,
CA-24-469,Citi - Taxable Construction Loan,"Loan, Taxable",29,7%,15705069,,,
CA-24-469,LAHD Measure ULA Accelerator Plus,"Loan, Residual Receipts",29,3%,10080000,,,
CA-24-469,LAHD AHMP,"Loan, Residual Receipts",29,3%,4000000,,,
CA-24-469,Cost Deferrred Until Conversion,Cost Deferral,,,1925788,,,
CA-24-469,General Partner Capital Contribution,"Developer Fee, Contribution",,,2000000,,,
CA-24-469,GP - Equity,"Equity, General Partner",,,100,,,
CA-24-469,LP- Equity,"Equity, LIHTC Investor",,,3101583,,,
CA-24-470,Tax Exempt Construction Loan,"Loan, Tax-Exempt",12,7%,5559912,,,
CA-24-470,Seller Carryback Loan,"Loan, Seller Note",12,4%,354376,,,
CA-24-470,Accrued Deferred Interest,Accrued Interest,,,16095,,,
CA-24-470,City of Chula Vista - HOME (Recast),"Loan, Residual Receipts",12,4%,2760748,,,
CA-24-470,Cost Deferred Until Conversion,Cost Deferral,,,785229,,,
CA-24-470,Deferred Developer Fee,"Developer Fee, Deferral",,,248161,,,
CA-24-470,LP Equity,"Equity, LIHTC Investor",,,1463475,,,
CA-24-471,Wells Fargo TE Loan,"Loan, Tax-Exempt",32,6%,65352000,,,
CA-24-471,Wells Fargo Taxable Loan,"Loan, Conventional",32,6%,11916651,,,
CA-24-471,AHF HHC 9 / AHF 11,"Loan, Residual Receipts",32,3%,14762723,,,
CA-24-471,FHLB AHP,"Loan, General Partner",32,0%,1000000,,,
CA-24-471,HACSM Construction Loan,"Loan, Residual Receipts",32,3%,11279806,,,
CA-24-471,Daly City PHLA,"Loan, Residual Receipts",32,1%,486230,,,
CA-24-471,Accrued Interest,Accrued Interest,,,657996,,,
CA-24-471,PFS Child Care Contribution,"Loan, General Partner",32,0%,1150000,,,
CA-24-471,Costs Deferred,Cost Deferral,,,2913908,,,
CA-24-471,Deferred Developer Fee,"Loan, General Partner",32,0%,3300000,,,
CA-24-471,GP Capital (Dev Fee),"Developer Fee, Contribution",,,8717646,,,
CA-24-471,LP Capital,"Equity, LIHTC Investor",,,9457516,,,
CA-24-472,Tax Exempt Bonds,"Loan, Tax-Exempt",24,7%,39050000,,,
CA-24-472,Recycled Bonds,"Loan, Tax-Exempt, Recycled",24,7%,6750000,,,
CA-24-472,City of Santa Paula Deferred Impact Fees,"Loan, Residual Receipts",660,4%,5157949,,,
CA-24-472,Seller Land Note,"Loan, Residual Receipts",660,4%,1280000,,,
CA-24-472,Tax Credit Equity,"Equity, LIHTC Investor",,,3196000,,,
CA-24-472,Deferred Fees and Costs,Cost Deferral,,,24524312,,,
CA-24-473,Construction Loan - Tax-exempt,"Loan, Tax-Exempt",26,8%,44202679.12,,,
CA-24-473,Construction Loan - Taxable,"Loan, Taxable",26,8%,16693459.56,,,
CA-24-473,Alameda County A-1 Loan,"Loan, Residual Receipts",660,3%,5048319,,,
CA-24-473,Alameda County Local Housing Trust Fund Loan,"Loan, Residual Receipts",660,3%,3333333,,,
CA-24-473,Deferred Developer Fee,"Developer Fee, Deferral",,,700000,,,
CA-24-473,Other Deferred Costs,Cost Deferral,,,3148645.685,,,
CA-24-473,LP Equity,"Equity, LIHTC Investor",,,3370050.193,,,
CA-24-473,GP Equity,"Equity, General Partner",,,100,,,
CA-24-473,GP Equity - Land Donation,"Equity, General Partner",,,8400000,,,
CA-24-474,US Bank Tax-Exempt Construction Loan,"Loan, Tax-Exempt",26,7%,35548000,,,
CA-24-474,US Bank Taxable Construction Loan,"Loan, Taxable",26,7%,7573265,,,
CA-24-474,RED Housing Loan Fund - Construction Period,"Loan, Taxable",26,1%,4200000,,,
CA-24-474,Sonoma County CDC Loan,"Loan, Residual Receipts",26,3%,3750000,,,
CA-24-474,Sonoma County CFH Loan 2018,"Loan, Residual Receipts",26,3%,2079447,,,
CA-24-474,Sonoma County CDC Land Takeback Loan,"Loan, Residual Receipts",26,0%,960000,,,
CA-24-474,Sonoma County IIG Loan,"Loan, Residual Receipts",26,0%,1784628,,,
CA-24-474,Accrued Interest,Accrued Interest,,,230053,,,
CA-24-474,Costs Deferred Until Conversion,Cost Deferral,,,1112062,,,
CA-24-474,GP Equity,"Equity, General Partner",,,100,,,
CA-24-474,LP Equity,"Equity, LIHTC Investor",,,2996286,,,
CA-24-474,Deferred Developer Fee,"Developer Fee, Deferral",,,7343476,,,
CA-24-475,Citibank - Tax-Exempt Loan,"Loan, Tax-Exempt",36,7%,41118000,,,
CA-24-475,Citibank - Taxable Loan,"Loan, Taxable",36,8%,23300000,,,
CA-24-475,Citibank - Reissued Tax-Exempt Loan,"Loan, Tax-Exempt, Recycled",36,7%,5000000,,,
CA-24-475,Tax Credit Equity - Federal,"Equity, LIHTC Investor",,,5186447.253,,,
CA-24-475,Tax Credit Equity - State,"Equity, LIHTC Investor",,,2992480.38,,,
CA-24-475,Deferred Operating Reserve,Cost Deferral,,,565383.2921,,,
CA-24-475,Deferred  Costs,Cost Deferral,,,120651.6801,,,
CA-24-475,Deferred Developer Fee,"Developer Fee, Deferral",,,8137617.972,,,
CA-24-476,Banner Bank Tax-Exempt Loan,"Loan, Tax-Exempt",36,8%,36867534,,,
CA-24-476,Banner Bank Taxable Loan,"Loan, Taxable",36,8%,10413200,,,
CA-24-476,HCD-LGMG,"Loan, General Partner",36,0%,10000000,,,
CA-24-476,HCD-IIG,"Loan, General Partner",36,0%,2400000,,,
CA-24-476,City of Stockton - HOME,"Loan, Residual Receipts",36,3%,600000,,,
CA-24-476,Costs Deferred Until Conv,Cost Deferral,,,1112863,,,
CA-24-476,Deferred Developer Fee,"Developer Fee, Deferral",,,6243276,,,
CA-24-476,LP Capital Contributions,"Equity, LIHTC Investor",,,2842162,,,
CA-24-477,Banner Bank,"Loan, Tax-Exempt",30,9%,36656693,,,
CA-24-477,Banner Bank,"Loan, Taxable",30,9%,13295312,,,
CA-24-477,City of Merced ARPA,"Loan, Residual Receipts",30,,3500000,,,
CA-24-477,City of Merced Water Loan,"Loan, Residual Receipts",30,3%,977626,,,
CA-24-477,"Joe Serna, Jr. (FWHG)",(select),30,3%,5453375,,,
CA-24-477,Impact Fee Waiver,Waived Fee,,,756522,,,
CA-24-477,Costs Deferred Until Conver,Cost Deferral,,,1260036,,,
CA-24-477,Capital Contributions - LP,"Equity, LIHTC Investor",,,2770039,,,
CA-24-477,Deferred Developer Fee,"Developer Fee, Deferral",,,6033873,,,
CA-24-478,"Citibank, NA - Tax Exempt","Loan, Tax-Exempt",30,7%,10000000,,,
CA-24-478,"Citibank, NA - Recycled","Loan, Tax-Exempt",30,7%,1528287,,,
CA-24-478,Deferred Costs,"Developer Fee, Deferral",,,1714545,,,
CA-24-478,HCD IIG Fund,Grant,,,3500000,,,
CA-24-478,R4 Capital LLC - Equity,"Equity, LIHTC Investor",,,2360756,,,
CA-24-479,"Wells Fargo, Tax-Exempt","Loan, Tax-Exempt",30,8%,31558092,,,
CA-24-479,"Wells Fargo, Taxable","Loan, Taxable",30,8%,14109121,,,
CA-24-479,HACR Seller Carryback Loan,Value of Donation,,,1022368,,,
CA-24-479,HACR PLHA Loan,"Loan, Residual Receipts",55,3%,3000000,,,
CA-24-479,HACR Taxable Housing Bond,"Loan, Residual Receipts",55,3%,450000,,,
CA-24-479,HACR (Former City of Coachella) RDA Funds,"Loan, Residual Receipts",55,3%,219892,,,
CA-24-479,Deferred Costs,Cost Deferral,,,1989167,,,
CA-24-479,Deferred Developer Fee,"Developer Fee, Deferral",,,6130629,,,
CA-24-479,Equity Contribution - GP,"Equity, General Partner",,,100,,,
CA-24-479,Equity Contribution - LP,"Equity, LIHTC Investor",,,0,,,
CA-24-479,,(select),,,3133954,,,
CA-24-480,"Citibank, N.A.","Loan, Tax-Exempt",30,8%,20064758,,,
CA-24-480,CDBG-DR,Grant,,,11495126,,,
CA-24-480,HCD IIG Small Jurisdiction,Grant,,,3998536,,,
CA-24-480,Domus Development LLC,Cost Deferral,,,217484,,,
CA-24-480,Domus Development LLC,"Developer Fee, Deferral",,,1902335,,,
CA-24-480,Investor,"Equity, LIHTC Investor",,,1787070,,,
CA-24-481,Tax Exempt Bonds ,"Loan, Tax-Exempt",24,8%,25652201,,,
CA-24-481,Taxable Construction Loan ,"Loan, Taxable",24,8%,8747882,,,
CA-24-481,Federal LIHTC Equity,"Equity, LIHTC Investor",,,5406500,,,
CA-24-481,State LIHTC Equity ,"Equity, LIHTC Investor",,,3263359,,,
CA-24-481,Riverside County Loan PLHA ,"Loan, Residual Receipts",,,3000000,,,
CA-24-481,Riverside County IEHP,"Loan, Residual Receipts",,,3000000,,,
CA-24-481,Deferred Costs ,Other Source,,,7663757,,,
CA-24-482,"Citibank, N.A.","Loan, Tax-Exempt",36,8%,40500000,,,
CA-24-482,"Citibank, N.A.","Loan, Taxable",36,9%,17066552,,,
CA-24-482,City of Los Angeles,"Loan, Residual Receipts",36,3%,6565000,,,
CA-24-482,HOME Funds,"Loan, Residual Receipts",36,4%,7785104,,,
CA-24-482,Tax Credit Equity - R4,"Equity, LIHTC Investor",,,2977941,,,
CA-24-482,Apple,"Loan, Conventional",,4%,810000,,,
CA-24-482,Deferred Developer Fee,"Developer Fee, Deferral",,,2100000,,,
CA-24-482,Deferred Costs,Cost Deferral,,,1624914,,,
CA-24-482,HCD IIG Funds,"Loan, General Partner",36,0%,4080000,,,
CA-24-483,Citi - Tax Exempt Loan,"Loan, Tax-Exempt",,7%,37500000,,,
CA-24-483,Citi - Tax Exempt Loan - Recycled Bonds,"Loan, Tax-Exempt, Recycled",,7%,8000000,,,
CA-24-483,Citi - Taxable Tail,"Loan, Taxable",,7%,17000000,,,
CA-24-483,Tax Credit Equity - Federal,"Equity, LIHTC Investor",,,4841961.075,,,
CA-24-483,Tax Credit Equity - State,"Equity, LIHTC Investor",,,2803500,,,
CA-24-483,Deferred Operating Reserve,"Developer Fee, Deferral",,,565485.6585,,,
CA-24-483,Deferred Developer Fee,"Developer Fee, Deferral",,,8033647.634,,,
CA-24-484,TE Construction Loan,"Loan, Tax-Exempt",21,8%,35238826,,,
CA-24-484,Taxable Construction Loan,"Loan, Taxable",21,8%,12189982,,,
CA-24-484,City of Fresno Loan,"Loan, Residual Receipts",21,3%,5668301,,,
CA-24-484,City of Fresno Loan - Accrued/Deferred Interest,"Loan, Residual Receipts",21,0%,180000,,,
CA-24-484,Deferred Developer Fee,"Developer Fee, Deferral",21,,6966765,,,
CA-24-484,Costs deferred until Conversion,Cost Deferral,21,,2144434,,,
CA-24-484,LP Tax Credit Equity,"Equity, LIHTC Investor",21,,4578082,,,
CA-24-485,CMFA MTEBs (Bank of America),"Loan, Tax-Exempt",30,8%,39300420,,,
CA-24-485,Bank Of America,"Loan, Taxable",30,8%,18742607,,,
CA-24-485,City of Culver City Housing Authority,"Loan, Residual Receipts",660,3%,4000000,,,
CA-24-485,GP Loan of CA HCD Budget Act Funds administered by Culver City,"Loan, Residual Receipts",660,0%,1000000,,,
CA-24-485,Deferred Costs,Cost Deferral,,,929544,,,
CA-24-485,Deferred Developer Fee,"Developer Fee, Deferral",,,6034120,,,
CA-24-485,GP Equity,"Equity, General Partner",,,100,,,
CA-24-485,LP Equity,"Equity, LIHTC Investor",,,8578287,,,
CA-24-486,New Point Tax Exempt Loan,"Loan, Tax-Exempt",24,6%,46394028,,,
CA-24-486,New Point Taxable Loan,(select),24,7%,5374393,,,
CA-24-486,City of Petaluma ,(select),660,3%,2000000,,,
CA-24-486,Boston Financial Tax Credit Funds,(select),,,6045802,,,
CA-24-486,Solar Tax Credit Equity,(select),,,608373,,,
CA-24-486,Deferred Developer Fee,(select),,,4916557,,,
CA-24-486,City of Petaluma Fee Waiver,(select),,,3044702,,,
CA-24-486,AHSC,(select),,,20000000,,,
CA-24-487,"Citibank, N.A.","Loan, Tax-Exempt",24,8%,20633233,,,
CA-24-487,CDBG-DR MHP,Grant,,,13936934,,,
CA-24-487,W&D Affordable Equity,"Equity, LIHTC Investor",,,1851110,,,
CA-24-487,"Domus Development, LLC",Cost Deferral,,,199018,,,
CA-24-487,"Domus Development, LLC","Developer Fee, Deferral",,,1895297,,,
CA-24-487,HCD IIG Small Jurisdiction,Grant,,,3449000,,,
CA-24-488,"Citibank, N.A.","Loan, Tax-Exempt",30,8%,11772440,,,
CA-24-488,CDBG-DR,Grant,,,6040200,,,
CA-24-488,HCD IIG Small Jurisdiction,Grant,,,2670325,,,
CA-24-488,Domus Development LLC,Cost Deferral,,,154794,,,
CA-24-488,Domus Development LLC,"Developer Fee, Deferral",,,1875000,,,
CA-24-488,Walker & Dunlop Affordable Equity,"Equity, LIHTC Investor",,,1061964,,,
CA-24-489,SVB-Conduit (Tax-Exempt New),"Loan, Tax-Exempt",36,8%,39443118,,,
CA-24-489,SVB-Conduit (Taxable),"Loan, Taxable",36,8%,3940402,,,
CA-24-489,City of Berkeley Loan,"Loan, Residual Receipts",36,3%,22050000,,,
CA-24-489,Accrued Deferred Interest,Accrued Interest,,,870178,,,
CA-24-489,GP Equity,"Equity, General Partner",,,100,,,
CA-24-489,Tax Credit Equity,"Equity, LIHTC Investor",,,4891764,,,
CA-24-489,Deferred Developer Fee,"Developer Fee, Deferral",,,2664882,,,
CA-24-489,Costs Deferred Until Conversion,Cost Deferral,,,1653031,,,
CA-24-490,Tax-Exempt Construction Loan - Silicon Valley Bank,"Loan, Tax-Exempt",30,7%,31132689,,,
CA-24-490,MOHCD Educator Loan,"Loan, Residual Receipts",30,3%,19500000,,,
CA-24-490,GP Capital Contribution,"Equity, General Partner",,,100,,,
CA-24-490,Limited Partner Equity,"Equity, LIHTC Investor",,,2728707,,,
CA-24-490,Costs Deferred Until Conversion,Cost Deferral,,,1921675,,,
CA-24-490,Accrued/Deferred Interest,Accrued Interest,,,890603,,,
CA-24-490,Deferred Developer Fee,"Developer Fee, Deferral",,,5778478,,,
CA-24-491,US Bank TE Const Loan,"Loan, Tax-Exempt",26,8%,47588000,,,
CA-24-491,US Bank Taxable Const Loan,"Loan, Taxable",26,8%,7411621,,,
CA-24-491,County Measure A1 Bond,"Loan, Residual Receipts",26,3%,4453899,,,
CA-24-491,City Base County Measure A1 Bond,"Loan, Residual Receipts",26,3%,8787121,,,
CA-24-491,City of Union City Housing Fund Loan,"Loan, Residual Receipts",26,0%,5034924,,,
CA-24-491,GP Loan: City Centro Grant,"Loan, Residual Receipts",26,0%,1800000,,,
CA-24-491,HTSV - Apple Const Loan,Other Source,26,3%,2887000,,,
CA-24-491,Ground Lease Value,Value of Lease,,,9320000,,,
CA-24-491,Deferred Developer Fee,"Developer Fee, Deferral",,,6000000,,,
CA-24-491,Accr/Deferred Interest,Accrued Interest,,,455217,,,
CA-24-491,Costs Deferred til Conversion,Cost Deferral,,,3933897,,,
CA-24-491,LP Equity,"Equity, LIHTC Investor",,,7858180,,,
CA-24-492,Citi Construction Loan-Tax Exempt,"Loan, Tax-Exempt, Recycled",28,7%,28570598,,,
CA-24-492,Citi Construction Loan - Taxable Tail,"Loan, Taxable",28,7%,9289490,,,
CA-24-492,Recycled Bond Cap,"Loan, Tax-Exempt",28,7%,3500000,,,
CA-24-492,Tax Credit Proceeds,"Equity, LIHTC Investor",,,10521820,,,
CA-24-492,Deferred Cost,Cost Deferral,,,7348524,,,
CA-24-492,Lease-Up NOI,(select),,,237792,,,
CA-24-493,US Bank-Conduit (Tax-Exempt New),"Loan, Tax-Exempt",36,7%,45365000,,,
CA-24-493,US Bank-Conduit (TE Recycled),"Loan, Tax-Exempt, Recycled",36,7%,8000000,,,
CA-24-493,US Bank-Conduit (Taxable),"Loan, Taxable",36,8%,8000000,,,
CA-24-493,Tax Credit Equity,"Equity, LIHTC Investor",,,23927622,,,
CA-24-494,Citibank-Conduit (Tax-Exempt New),"Loan, Tax-Exempt",36,6%,40195709,,,
CA-24-494,Citibank-Conduit (TE Recycled),"Loan, Tax-Exempt",36,6%,23476586,,,
CA-24-494,Taxable Construction Loan,"Loan, Conventional",36,6%,0,,,
CA-24-494,Tax Credit Equity,"Equity, Conventional",0,0%,7513879,,,
CA-24-494,Deferred Fees and Costs,Cost Deferral,0,0%,13333079,,,
CA-24-495,Banner Bank TE Const Loan,"Loan, Tax-Exempt",18,8%,25537000,,,
CA-24-495,Banner Bank - Recycled,"Loan, Tax-Exempt, Recycled",18,8%,4297000,,,
CA-24-495,CHW Seller Carryback Loan,"Loan, Seller Note",18,4%,4130880,,,
CA-24-495,Accrued Deferred Interest,Accrued Interest,,,284602,,,
CA-24-495,Assumed SD Foundation Loan,"Loan, Residual Receipts",18,5%,7719442,,,
CA-24-495,Accrued Deferred Interest SDF,Accrued Interest,,,531840,,,
CA-24-495,Costs Deferred until Compl,Cost Deferral,,,1625431,,,
CA-24-495,Def Dev Fee,"Developer Fee, Deferral",,,1872635,,,
CA-24-495,GP Capital Reserves,"Reserve, Acquired",,,872339,,,
CA-24-495,LP Equity,"Equity, LIHTC Investor",,,1801475,,,
CA-24-496,Banner Bank Tax-exempt Cons Loan,"Loan, Tax-Exempt",26,8%,24623000,,,
CA-24-496,Banner Bank Cons Loan,"Loan, Taxable",26,8%,4686000,,,
CA-24-496,City of Lake Elsinore,"Loan, Residual Receipts",26,3%,7015482,,,
CA-24-496,Accrued Def Int City of Lake Elsinore,Accrued Interest,,,276858,,,
CA-24-496,County PLHA,"Loan, Residual Receipts",26,3%,4000000,,,
CA-24-496,Accrued Def Int County PLHA,Accrued Interest,,,157855,,,
CA-24-496,Costs Def Until Conversion,Cost Deferral,,,2233709,,,
CA-24-496,Def Developer Fee,"Developer Fee, Deferral",,,2403523,,,
CA-24-496,GP Equity,"Equity, General Partner",,,100,,,
CA-24-496,LP Equity,"Equity, General Partner",,,2523338,,,
CA-24-497,Citibank-TE-New Bonds,"Loan, Tax-Exempt",24,7%,28230921,,,
CA-24-497,Citibank-TE Recycled Bonds,"Loan, Tax-Exempt, Recycled",24,7%,2841014,,,
CA-24-497,Citibank-Taxable Bonds,"Loan, Taxable",24,8%,8925744,,,
CA-24-497,Richman Group,"Equity, LIHTC Investor",,,8963175,,,
CA-24-497,Deferral Developer Fee,"Developer Fee, Deferral",,,4607544,,,
CA-24-497,Cost Deferral,Cost Deferral,,,3251875,,,
CA-24-498,Citi Bank - Tax Exempt Construction Loan,"Loan, Tax-Exempt",26,8%,39194154.55,,,
CA-24-498,Citi Bank - Taxable Construction Loan,"Loan, Taxable",26,8%,8941434.313,,,
CA-24-498,City of Berkeley Measure O,"Loan, Residual Receipts",660,3%,14531301,,,
CA-24-498,City of Berkeley HTF,"Loan, Residual Receipts",660,3%,3556400,,,
CA-24-498,GP Equity ,"Equity, General Partner",,,1724654.675,,,
CA-24-498,Deferred Developer Fee,"Developer Fee, Deferral",,,700000,,,
CA-24-498,GP Equity ,"Equity, General Partner",,,100,,,
CA-24-498,Investor Capital Contribution,"Equity, LIHTC Investor",,,2779028,,,
CA-24-498,Costs Deferred to Perm Conversion,Cost Deferral,,,3747509.552,,,
CA-24-499,"Citibank, N.A. ","Loan, Tax-Exempt",36,6%,116000000,,,
CA-24-499,Oakland Housing Authority,"Loan, Residual Receipts",36,3%,21297580,,,
CA-24-499,City of Oakland,"Loan, Residual Receipts",36,3%,18000000,,,
CA-24-499,HCD - TOD,"Loan, Residual Receipts",36,3%,5000000,,,
CA-24-499,HCD - IIGC,"Loan, Residual Receipts",36,3%,3700000,,,
CA-24-499,HCD - REAP,"Loan, Residual Receipts",36,3%,5500000,,,
CA-24-499,Mandela Station Affordable LP,Cost Deferral,,,2617561,,,
CA-24-499,"Pacific West Communities, Inc.","Developer Fee, Deferral",,,27523989,,,
CA-24-499,Boston Financial,"Equity, LIHTC Investor",,,16294793,,,
CA-24-500,Citibank - Construction Loan TEB,"Loan, Tax-Exempt",23,9%,22540611,,,
CA-24-500,Citibank - Construction Loan - Taxable,"Loan, Conventional",23,9%,10964254,,,
CA-24-500,CREA Tax Credit Equity Proceeds,"Equity, Conventional",,,3187365,,,
CA-24-500,Deferred Costs,"Developer Fee, Deferral",,6%,11252884,,,
CA-24-501,Tax Exempt Loan,"Loan, Tax-Exempt",26,8%,30214832.66,,,
CA-24-501,Taxable Loan,"Loan, Taxable",26,8%,3148229.474,,,
CA-24-501,City of Livermore,"Loan, Residual Receipts",660,3%,7157000,,,
CA-24-501,Alameda County A1,"Loan, Residual Receipts",660,3%,6234012,,,
CA-24-501,City of Livermore - Ground Lease,Value of Lease,1188,,4914906,,,
CA-24-501,Sponsor Loan - FHLB AHP,"Loan, General Partner",660,0%,1000000,,,
CA-24-501,Federal Equity,"Equity, LIHTC Investor",,,2417123.364,,,
CA-24-501,GP Equity,"Equity, General Partner",,,100,,,
CA-24-502,Merchant's Capital,"Loan, Tax-Exempt",24,7%,34410000,,,
CA-24-502,Merchant's Capital - Recycled Bonds,"Loan, Tax-Exempt, Recycled",24,7%,6000000,,,
CA-24-502,Merchant's Capital - Equity Bridge Loan,"Loan, Equity Bridge",24,8%,6220803,,,
CA-24-502,WNC - Capital Contributions,"Equity, LIHTC Investor",,,17592202,,,
CA-24-502,Deferred Costs,Cost Deferral,,,6261086,,,
CA-24-503,US Bank-Conduit (Tax-Exempt New),"Loan, Tax-Exempt",36,7%,65400000,,,
CA-24-503,US Bank-Conduit (TE Recycled),"Loan, Tax-Exempt, Recycled",36,7%,11250000,,,
CA-24-503,US Bank-Conduit (Taxable),"Loan, Taxable",36,8%,13000000,,,
CA-24-503,Tax Credit Equity,"Equity, LIHTC Investor",,,35038123,,,
CA-24-504,Banner Bank Tax Exempt Construction Loan,"Loan, Tax-Exempt",33,7%,55161072,,,
CA-24-504,Banner Bank Conventional Construction Loan,"Loan, Taxable",33,7%,17946361,,,
CA-24-504,City of Sacramento,"Loan, Residual Receipts",33,3%,3000000,,,
CA-24-504,CACDC Gap Loan,"Loan, Residual Receipts",33,3%,8000000,,,
CA-24-504,Sponsor Loan - HCD LGMG,"Loan, General Partner",33,0%,10000000,,,
CA-24-504,Accrued Deferred Interest,Accrued Interest,,,321725,,,
CA-24-504,Costs Deferred Until Conversion,Cost Deferral,,,2890001,,,
CA-24-504,Deferred Developer Fee,"Developer Fee, Deferral",,,4421980,,,
CA-24-504,Renewable Energy Tax Credit (45L) Equity,"Equity, LIHTC Investor",,,548275,,,
CA-24-504,Enterprise LIHTC Equity Constr.,"Equity, LIHTC Investor",,,8372766,,,
CA-24-505,Citibank - Tax Exempt,"Loan, Tax-Exempt",36,7%,63600000,,,
CA-24-505,Citibank - Taxable,"Loan, Taxable",36,8%,10977731.93,,,
CA-24-505,R4 Capital - Federal LIHTC,"Equity, LIHTC Investor",,,4115855.8,,,
CA-24-505,R4 Capital - State LIHTC,"Equity, LIHTC Investor",,,470483.2,,,
CA-24-505,City of San Jose,"Loan, Residual Receipts",660,4%,20000000,,,
CA-24-505,City of San Jose,Value of Lease,660,,6500000,,,
CA-24-505,Santa Clara County - Measure A,"Loan, Residual Receipts",660,3%,8000000,,,
CA-24-505,HCD IIG,Grant,,,4000000,,,
CA-24-505,Deferred Costs & Fees,Cost Deferral,,,4333783.669,,,
CA-24-506,"Citibank, N.A.","Loan, Tax-Exempt",24,7%,10050000,,,
CA-24-506,Sacramento Housing and Redevelopment Agency,"Loan, Residual Receipts",24,3%,2000000,,,
CA-24-506,City of Rancho Cordova Land Loan,"Loan, Seller Note",24,0%,660000,,,
CA-24-506,City of Rancho Cordova,"Loan, Residual Receipts",24,0%,692000,,,
CA-24-506,City of Rancho Cordova Impact Fee Loan,"Loan, Residual Receipts",24,0%,288000,,,
CA-24-506,Ikaika Ohana,"Loan, Residual Receipts",24,0%,1960000,,,
CA-24-506,Red Stone,"Equity, LIHTC Investor",,,1245000,,,
CA-24-506,A0575 Rancho Cordova Development LLC,Cost Deferral,,,168000,,,
CA-24-506,A0575 Rancho Cordova Development LLC,"Developer Fee, Deferral",,,1285096,,,
CA-24-506,"Citibank, N.A.","Loan, Taxable",24,7%,800000,,,
CA-24-507,Banner Bank,"Loan, Taxable",33,8%,73085743,,,
CA-24-507,Banner Bank,"Loan, Taxable",33,8%,22783594,,,
CA-24-507,Boston Financial,"Equity, LIHTC Investor",,,24628040,,,
CA-24-507,City of San José,"Loan, Residual Receipts",660,4%,19062289,,,
CA-24-507,County of Santa Clara,"Loan, Residual Receipts",660,3%,2000000,,,
CA-24-507,Costs Deferred to Conversion,Cost Deferral,,,9008001,,,
CA-24-507,"Lument Securities, LLC",Other Source,33,5%,8147449,,,
CA-24-508,Sterling Bank,"Loan, Tax-Exempt",36,7%,32000000,,,
CA-24-508,Sterling Bank,"Loan, Equity Bridge",36,9%,9000000,,,
CA-24-508,City of Roseville,"Loan, Residual Receipts",36,6%,3250000,,,
CA-24-508,National Equity Fund,"Equity, LIHTC Investor",,,9827735,,,
CA-24-508,Ten South Development LLC,"Developer Fee, Deferral",,,7256939,,,
CA-24-508,City of Roseville ,Accrued Interest,,,357500,,,
CA-24-508,FD34 Development LLC,"Loan, General Partner",,,1781799,,,
CA-24-508,FD34 Development LLC,"Equity, General Partner",,,100,,,
CA-24-509,Citi Construction Loan - Tax Exempt,"Loan, Tax-Exempt",25,7%,50273157,,,
CA-24-509,Citi Construction Loan - Taxable,"Loan, Taxable",25,7%,22015297,,,
CA-24-509,Seller Carryback,"Loan, Seller Note",660,4%,6900000,,,
CA-24-509,CREA - Tax Credit Equity,"Equity, LIHTC Investor",,,9973746,,,
CA-24-510,Tax Exempt Bond - Silicon Valley Bank,"Loan, Tax-Exempt",30,7%,20357515.41,,,
CA-24-510,SHRA - HOME Funds,"Loan, Residual Receipts",480,3%,6000000,,,
CA-24-510,SHRA - HOPWA Funds,"Loan, Residual Receipts",480,3%,1000000,,,
CA-24-510,SHRA - City of Sacramento Funds,"Loan, Residual Receipts",480,3%,1250000,,,
CA-24-510,City of Sacramento Impact Fee Waiver,Waived Fee,,,468855,,,
CA-24-510,SHRA Seller Carryback Loan (Land),"Loan, Seller Note",480,3%,60000,,,
CA-24-510,SHRA - MHSA Funds,"Loan, Residual Receipts",480,3%,2600000,,,
CA-24-510,LIHTC Equity (Construction),"Equity, LIHTC Investor",,,1827359.576,,,
CA-24-510,Taxable Construction Loan - Silicon Valley Bank,"Developer Fee, Deferral",30,7%,2051872.414,,,
CA-24-511,"Citibank, N.A.","Loan, Tax-Exempt",24,7%,23185979,,,
CA-24-511,City of Costa Mesa,"Loan, Residual Receipts",24,3%,2350000,,,
CA-24-511,County of Orange,"Loan, Residual Receipts",24,3%,5350000,,,
CA-24-511,Cal Optima,Grant,,,1000000,,,
CA-24-511,"CM Mercy House CHDO, LLC","Loan, Seller Note",24,1%,7432200,,,
CA-24-511,Community Development Partners,Cost Deferral,,,383526,,,
CA-24-511,Community Development Partners,"Developer Fee, Deferral",,,2633073,,,
CA-24-511,R4 Capital,"Equity, LIHTC Investor",,,1733063,,,
CA-24-512,Const Loan - Tax Exempt,"Loan, Tax-Exempt",36,8%,41620070,,,
CA-24-512,Const Loan- Taxable Tail,"Loan, Taxable",36,8%,2769651,,,
CA-24-512,Tax Credit Proceeds,"Equity, LIHTC Investor",660,,16075941,,,
CA-24-512,Riverside County Loan,"Loan, Residual Receipts",660,,6700000,,,
CA-24-512,PD Acq Land Loan,"Loan, Residual Receipts",660,,1965539,,,
CA-24-512,Deferred Costs,Cost Deferral,,,12978584,,,
CA-24-513,Citibank,"Loan, Tax-Exempt",24,7%,23453251,,,
CA-24-513,Citibank,"Loan, Tax-Exempt, Recycled",24,7%,4793452,,,
CA-24-513,Citibank,"Loan, Taxable",24,8%,3869497,,,
CA-24-513,Richman Group,"Equity, LIHTC Investor",,,5931647,,,
CA-24-513,Master Developer Infrastructure Cost Allocation Note,"Loan, Residual Receipts",660,5%,1294937,,,
CA-24-513,Deferral Developer Fee,"Developer Fee, Deferral",,,4845043,,,
CA-24-513,Accrued Interest,Accrued Interest,,,129494,,,
CA-24-513,Cost Deferral,Cost Deferral,,,3617194,,,
CA-24-514,California Bank & Trust,"Loan, Tax-Exempt",36,7%,46000000,,,
CA-24-514,California Bank & Trust,"Loan, Taxable",36,7%,31125356,,,
CA-24-514,Pacific West Communities,"Developer Fee, Contribution",,,1000000,,,
CA-24-514,Pacific West Communities,"Developer Fee, Deferral",,,2500000,,,
CA-24-514,Locke Lofts Associates,Cost Deferral,,,2338184,,,
CA-24-514,Boston Financial,"Equity, LIHTC Investor",,,4090933,,,
CA-24-515,CalHFA/GreyStone-TxExempt,"Loan, Tax-Exempt",30,8%,74000000,,,
CA-24-515,CalHFA/GreyStone-Recycled,"Loan, Tax-Exempt, Recycled",30,8%,24000000,,,
CA-24-515,CalHFA/GreyStone-Taxable,"Loan, Taxable",30,8%,12000000,,,
CA-24-515,GP - Deferred Developer Fee,"Developer Fee, Deferral",,,19300054,,,
CA-24-515,Seller Subordinate Financing,"Loan, Equity Bridge",30,6%,1529556,,,
CA-24-515,BF Tax Credit/Bridge Equity,"Equity, General Partner",,10%,13114594.83,,,
CA-24-515,GP - Deferred Construction Costs,"Developer Fee, Deferral",,,7349871.241,,,
CA-24-516,CalHFA/GreyStone-TxExempt,"Loan, Tax-Exempt",30,8%,71000000,,,
CA-24-516,CalHFA/GreyStone-Recycled,"Loan, Tax-Exempt, Recycled",30,8%,22000000,,,
CA-24-516,CalHFA/GreyStone-Taxable,"Loan, Taxable",30,8%,15218581.2,,,
CA-24-516,GP - Equity,"Developer Fee, Deferral",,,3250000,,,
CA-24-516,GP - Deferred Developer Fee,"Developer Fee, Deferral",,,15836273,,,
CA-24-516,BF Tax Credit/Bridge Equity,"Equity, General Partner",,10%,18076097.8,,,
CA-24-517,Chase - Tax Exempt Bonds,"Loan, Tax-Exempt",28,7%,38500000,,,
CA-24-517,AHCDC - HCD - IIG Loan,"Loan, Residual Receipts",660,3%,3000000,,,
CA-24-517,County of San Mateo,"Loan, Residual Receipts",660,3%,12497835,,,
CA-24-517,City of Daly City (including HEART of San Mateo),"Loan, Residual Receipts",660,3%,7716687,,,
CA-24-517,Enterprise - Tax Credit Equity,"Equity, LIHTC Investor",,,9398971,,,
CA-24-517,Deferred Costs,Cost Deferral,,,5873225,,,
CA-24-518,Citibank-TE-New Bonds,"Loan, Tax-Exempt",24,7%,13855521,,,
CA-24-518,Citibank-TE Recycled Bonds,"Loan, Tax-Exempt, Recycled",24,7%,1410763,,,
CA-24-518,Citibank-Taxable Bonds,"Loan, Taxable",24,8%,1328626,,,
CA-24-518,Richman Group,"Equity, LIHTC Investor",,,5694889,,,
CA-24-518,Master Developer Infrastructure Cost Allocation Note,"Loan, Residual Receipts",660,5%,1800000,,,
CA-24-518,Accrued Interest,Accrued Interest,,,157500,,,
CA-24-518,Deferral Developer Fee,"Developer Fee, Deferral",,,1043611,,,
CA-24-518,Cost Deferral,Cost Deferral,,,2924346,,,
CA-24-519,Construction Loan,"Loan, Tax-Exempt",27,8%,43909270,,,
CA-24-519,Seller Carryback Loan,"Loan, Seller Note",27,4%,14551778,,,
CA-24-519,County of Ventura General Funds,"Loan, Residual Receipts",27,3%,5500000,,,
CA-24-519,HACSB Development Loan,"Loan, Residual Receipts",27,3%,1000000,,,
CA-24-519,Project Homekey COSR,"Loan, Residual Receipts",27,4%,1418427,,,
CA-24-519,City of Ventura PLHA,"Loan, Residual Receipts",27,3%,1739292,,,
CA-24-519,HACSB Loan,"Loan, Residual Receipts",27,4%,1369513,,,
CA-24-519,Accrued/Deferred interest,Accrued Interest,27,,1948170,,,
CA-24-519,Deferred Developer Fee,"Developer Fee, Deferral",27,,6868384,,,
CA-24-519,Costs Deferred Until Conversion,Cost Deferral,27,,9239056,,,
CA-24-519,LP Equity,"Equity, LIHTC Investor",27,,3861817,,,
CA-24-520,New Point TE Bonds,"Loan, Tax-Exempt",24,6%,48674881,,,
CA-24-520,New Point Taxable Bonds,"Loan, Taxable",24,7%,10704897,,,
CA-24-520,City of Mountain View,"Loan, Residual Receipts",660,3%,8000000,,,
CA-24-520,County of Santa Clara - Measure A,"Loan, Residual Receipts",660,3%,7900000,,,
CA-24-520,Boston Financial Tax Credit Equity,"Equity, LIHTC Investor",,,17983411,,,
CA-24-521,Berkadia - Tax Exempt,"Loan, Tax-Exempt",36,8%,125000000,,,
CA-24-521,Berkadia - Taxable,"Loan, Taxable",36,8%,22928167,,,
CA-24-521,Berkadia - Recycled,"Loan, Tax-Exempt, Recycled",36,8%,20000000,,,
CA-24-521,JEMCOR,"Equity, General Partner",,,5000000,,,
CA-24-521,Deferred Reserve Funding,Cost Deferral,,,2081843,,,
CA-24-521,Deferred Developer Fee,"Developer Fee, Deferral",,,27273323,,,
CA-24-521,Deferred Contractor Fee,Cost Deferral,,,4948010,,,
CA-24-521,Lease Up Income,Net Operating Income,,,3638429,,,
CA-24-521,Tax Credit Equity,"Equity, LIHTC Investor",,,25825468,,,
CA-24-522,Citi Community Capital,"Loan, Tax-Exempt",36,5%,16750000,,,
CA-24-522,AOF SD MGP LLC,"Loan, Residual Receipts",660,3%,7500000,,,
CA-24-522,Accrued Interest on Sub Debt,Accrued Interest,,,600000,,,
CA-24-522,Deferred Developer Fee,"Developer Fee, Deferral",,,3055070,,,
CA-24-522,Redstone Equity Partners,"Equity, LIHTC Investor",,,7894843,,,
CA-24-523,Citi Construction Loan - Tax-exempt,"Loan, Tax-Exempt",24,7%,48137385,,,
CA-24-523,Citi Construction Loan - Taxable,"Loan, Taxable",24,7%,27258151.97,,,
CA-24-523,Vaughns Family Series B Bonds,"Loan, Residual Receipts",204,2%,6250000,,,
CA-24-523,Smyrna Enterprise LLC B Bonds,"Loan, Conventional",204,3%,3700000,,,
CA-24-523,Deferred Developer Fee,"Developer Fee, Deferral",,,5653131.214,,,
CA-24-523,GP Equity,"Equity, General Partner",,,100,,,
CA-24-523,LP Equity,"Equity, LIHTC Investor",,,3487200.791,,,
CA-24-523,Other Costs Deferred to Conversion,Cost Deferral,,,2627675.058,,,
CA-24-524,Citi - Construction Loan,"Loan, Tax-Exempt",18,6%,28376305,,,
CA-24-524,HACOS - Seller Carryback,"Loan, Seller Note",684,4%,13239254,,,
CA-24-524,SHRA - Accrued Interest,Accrued Interest,,0%,540051,,,
CA-24-524,GP Developer Fee,"Developer Fee, Contribution",,0%,3365863,,,
CA-24-524,RBC - LIHTC Investor Equity,"Equity, LIHTC Investor",,,3587658,,,
CA-24-524,Citrus Heights - HTF Loan,"Loan, Conventional",,0%,562665,,,
CA-24-525,Tax Exempt Bonds - Chase,"Loan, Tax-Exempt",30,8%,45819803,,,
CA-24-525,Recycled Bonds - Chase,"Loan, Tax-Exempt, Recycled",30,8%,1500000,,,
CA-24-525,Taxable Loan - Chase,"Loan, Taxable",30,8%,12074984,,,
CA-24-525,San Diego Housing Comission,"Loan, Residual Receipts",,4%,7160040,,,
CA-24-525,County of San Diego,"Loan, Residual Receipts",,3%,3600000,,,
CA-24-525,Tax Credit Equity,"Equity, LIHTC Investor",,,10786130,,,
CA-24-525,Costs Deferred Until Conversion,Cost Deferral,,,2909291,,,
CA-24-525,Deferred Developer Fee,"Developer Fee, Deferral",,,8253799,,,
CA-24-526,Tax Exempt Construction Loan,"Loan, Tax-Exempt",27,7%,25100000,,,
CA-24-526,Taxable Construction Loan,"Loan, Taxable",27,7%,8950000,,,
CA-24-526,HCD IIG,"Loan, Residual Receipts",,3%,6589300,,,
CA-24-526,County Fee Waiver,Waived Fee,,,979207,,,
CA-24-526,LIHTC Equity,"Equity, LIHTC Investor",,,3220000,,,
CA-24-527,Citi Bank Loan TE ,"Loan, Tax-Exempt",24,8%,34351295,,,
CA-24-527,Citi Bank Loan Taxable ,"Loan, Tax-Exempt",24,8%,11414400,,,
CA-24-527,Tax Equity (NEF),"Equity, LIHTC Investor",,,2570658,,,
CA-24-527,HCD IIG ,Grant,,,4334400,,,
CA-24-527,City of West Hollywood AHTF,"Loan, Residual Receipts",30,3%,10000000,,,
CA-24-527,Def Fee ,"Developer Fee, Deferral",,,1250000,,,
CA-24-527,Def Costs ,"Developer Fee, Deferral",,,5579655,,,
CA-24-528,Citibank-TE-New Bonds,"Loan, Tax-Exempt",24,7%,5116651,,,
CA-24-528,Citibank-TE Recycled Bonds,"Loan, Tax-Exempt, Recycled",24,7%,532949,,,
CA-24-528,Citibank-Taxable Bonds,"Loan, Taxable",24,8%,868048,,,
CA-24-528,Richman Group,"Equity, LIHTC Investor",,,2844975,,,
CA-24-528,Deferral Developer Fee,"Developer Fee, Deferral",,,308252,,,
CA-24-528,Cost Deferral,Accrued Interest,,,988111,,,
CA-24-529,"U.S. Bank, N.A. - Construction Loan - Tax-exempt","Loan, Tax-Exempt",24,7%,28660000,,,
CA-24-529,"U.S. Bank, N.A. - Construction Loan - Taxable","Loan, Taxable",24,7%,10425238.73,,,
CA-24-529,U.S. Bancorp Community Development Corporation - Tax Credit Equity,"Equity, LIHTC Investor",,,3025911.081,,,
CA-24-529,The Newhall Land and Farming Company (A California Limited Partnership) - Residual Receipts Acquisition Loan ,"Loan, Residual Receipts",660,1%,9500000,,,
CA-24-529,The Newhall Land and Farming Company (A California Limited Partnership) - Residual Receipts Accrued Interest ,Accrued Interest,660,1%,183000,,,
CA-24-529,"Mission Village Affordable I Housing Partners, L.P. - Deferred Developer Fee","Developer Fee, Deferral",,,3047000,,,
CA-24-529,"Mission Village Affordable I Housing Partners, L.P. - Deferred Operating Deficit Reserve",Other Source,,,409961,,,
CA-24-529,"Mission Village Affordable I Housing Partners, L.P. - Deferred TCAC Monitoring Fee",Cost Deferral,,,41000,,,
CA-24-529,"Mission Village Affordable I Housing Partners, L.P. - GP Equity","Equity, General Partner",,,100,,,
CA-24-530,East West Bank Series A - Tax Exempt,"Loan, Tax-Exempt",24,7%,13500000,,,
CA-24-530,East West Bank Series B - Taxable,"Loan, Taxable",24,8%,2500000,,,
CA-24-530,County of Kern HOME - ARP,"Loan, Residual Receipts",660,3%,4500000,,,
CA-24-530,Deferred Costs,Cost Deferral,,,2197074,,,
CA-24-530,PNC Real Estate Tax Credits,"Equity, LIHTC Investor",,,2617708,,,
CA-24-530,HA Const. & Perm. Loan,"Loan, Residual Receipts",660,3%,1757593,,,
CA-24-531,"Citibank, N.A.","Loan, Tax-Exempt",24,7%,35978279,,,
CA-24-531,"Citibank, N.A.","Loan, Tax-Exempt, Recycled",24,7%,2800000,,,
CA-24-531,"Citibank, N.A.","Loan, Taxable",24,8%,13310042,,,
CA-24-531,WNC & Associates,"Equity, LIHTC Investor",,,6806016,,,
CA-24-531,Adarte LLC,Cost Deferral,,,627411,,,
CA-24-531,Adarte LLC,"Developer Fee, Deferral",,,8327779,,,
CA-24-532,Citibank,"Loan, Tax-Exempt",30,7%,34034087,,,
CA-24-532,Citibank,"Loan, Taxable",30,8%,9965913,,,
CA-24-532,HCD AHSC HRI,"Loan, Residual Receipts",660,0%,3000000,,,
CA-24-532,HCD IIG,"Loan, Residual Receipts",660,0%,7500000,,,
CA-24-532,Sutter County,"Loan, Residual Receipts",660,3%,453552,,,
CA-24-532,Yuba City United School District,"Loan, Residual Receipts",660,3%,237270,,,
CA-24-532,RHA - Restricted Funds Loan,"Loan, Residual Receipts",660,3%,1000000,,,
CA-24-532,RHA Land Acquisition Loan,"Loan, Seller Note",660,3%,2320000,,,
CA-24-532,RHA - City/HHAP Loan,"Loan, Residual Receipts",660,3%,1200000,,,
CA-24-532,RHA - BUILD Loan,"Loan, Residual Receipts",660,,1224388,,,
CA-24-532,Enterprise Community Capital,"Equity, LIHTC Investor",,,4070790,,,
CA-24-532,"Richland Village, LP",Cost Deferral,,,3869000,,,
CA-24-533,NewPoint TE Loan,"Loan, Tax-Exempt",24,6%,42060286,,,
CA-24-533,NewPoint Taxable Loan,"Loan, Taxable",,7%,17561609,,,
CA-24-533,NewPoint Recycled Bonds,"Loan, Tax-Exempt, Recycled",,,4750000,,,
CA-24-533,Boston Financial Tax Credit Equity,(select),,,15593194,,,
CA-24-534,CHASE Tax Exempt Loan,"Loan, Tax-Exempt",30,7%,43362000,,,
CA-24-534,Chase Taxable Loan,"Loan, Taxable",30,8%,2086010,,,
CA-24-534,"City of Oakland 2022, 2023","Loan, Residual Receipts",30,3%,16300000,,,
CA-24-534,Oakland HA,"Loan, Residual Receipts",30,3%,3800000,,,
CA-24-534,Apple Affordable Housing Fund,"Loan, Residual Receipts",30,3%,3326000,,,
CA-24-534,FHLB- SF AHP/TUC,"Loan, General Partner",30,0%,1270000,,,
CA-24-534,Costs Deferred to Conversion,Cost Deferral,,,4523471,,,
CA-24-534,Impact Fee Waiver,Waived Fee,,,1113054,,,
CA-24-534,Accrued and Deferred Interet,Accrued Interest,,,111651,,,
CA-24-534,Deferred Developer Fee,"Loan, General Partner",30,0%,1257133,,,
CA-24-534,GP Contribution Dev Fee,"Developer Fee, Contribution",,,3000000,,,
CA-24-534,LP Capital,"Equity, LIHTC Investor",,,6521379,,,
CA-24-535,Chase Bank - TEX Construction Bond,"Loan, Tax-Exempt",38,8%,82142319,,,
CA-24-535,Chase Bank - Taxable Tail Construction Loan,"Loan, Taxable",38,9%,21645336,,,
CA-24-535,City & County of San Francisco,"Loan, Residual Receipts",660,3%,45360000,,,
CA-24-535,Accrued Interest - City of SF,Other Source,,,458900,,,
CA-24-535,Deferred Developer Fee,"Developer Fee, Deferral",,,500000,,,
CA-24-535,Costs Deferred Until Perm,Other Source,,,2521297,,,
CA-24-535,LP Equity Payment,"Equity, LIHTC Investor",,,10803010,,,
CA-24-536,Chase Bank tax exempt,"Loan, Tax-Exempt",24,8%,20592617.43,,,
CA-24-536,Chase Bank taxable,"Loan, Taxable",24,8%,8451126.77,,,
CA-24-536,HCD - FWHG,"Loan, Residual Receipts",660,3%,4299335,,,
CA-24-536,Fee waivers (TAMC and King City),Waived Fee,,,92917,,,
CA-24-536,Sponsor loan of LISC grant,"Loan, General Partner",660,0%,14408,,,
CA-24-536,LP equity,"Equity, LIHTC Investor",,,3189470.196,,,
CA-24-537,Citibank ,"Loan, Tax-Exempt",24,8%,25000000,,,
CA-24-537,LA City - Project Homekey ,"Loan, Residual Receipts",24,0%,7500000,,,
CA-24-537,HCD - National Housing Trust Fund (NHTF),"Loan, Residual Receipts",24,3%,1557288,,,
CA-24-537,HCD - Housing for Healthy California (HHC) ,"Loan, Residual Receipts",24,3%,4900000,,,
CA-24-537,LA County - No Place Like Home (NPLH) ,"Loan, Residual Receipts",24,0%,3100000,,,
CA-24-537,LA County - Affordable Housing Trust Fund (AHTF) ,"Loan, Residual Receipts",24,3%,2000000,,,
CA-24-537,NHTF Supplemental for HHC Units ,"Loan, Residual Receipts",24,0%,490451,,,
CA-24-537,Developer Fee - Deferred ,"Developer Fee, Deferral",,,1525000,,,
CA-24-537,Reserves - Deferred ,Cost Deferral,,,10924947,,,
CA-24-537,LIHTC Equity,"Equity, LIHTC Investor",,,2690768,,,
CA-24-538,Tax-Exempt Construction Loan (Bank of America),"Loan, Tax-Exempt",25,8%,30923000,,,
CA-24-538,Taxable Construction Loan (Bank of America),"Loan, Taxable",25,9%,14849798,,,
CA-24-538,City of Long Beach CDBG Wehrle Loan,"Loan, Residual Receipts",25,3%,1600000,,,
CA-24-538,Long Beach CDBG Accrued Deferred Interest (Wehrle),Accrued Interest,,,60668,,,
CA-24-538,City of Long Beach Fountain Land Loan,"Loan, Residual Receipts",25,3%,6198578,,,
CA-24-538,Long Beach Accrued Deferred Interest (Fountain),Accrued Interest,,,235035,,,
CA-24-538,Impact Fee Exemption,Waived Fee,,,403401,,,
CA-24-538,Costs Deferred Until Completion (Linc Community Development Corporation),Cost Deferral,,,2186352,,,
CA-24-538,Deferred Developer Fee,"Developer Fee, Deferral",,,3660586,,,
CA-24-538,"LP Capital Contributions (Raymond James Affordable Housing Investments, Inc.)","Equity, LIHTC Investor",,,2084000,,,
CA-24-539,Citi Community Capital,"Loan, Tax-Exempt",36,4%,55700000,,,
CA-24-539,Citi Community Capital,"Loan, Taxable",36,4%,12500000,,,
CA-24-539,CALHFA Recycled Bonds,"Loan, Tax-Exempt, Recycled",36,4%,4000000,,,
CA-24-539,"Carmel Enterprise, LLC","Loan, Residual Receipts",660,3%,7000000,,,
CA-24-539,Deferred Developer Fee,"Developer Fee, Deferral",,,14087832,,,
CA-24-539,Redstone Equity Partners,"Equity, LIHTC Investor",,,27582397,,,
CA-24-540,Banc of CA (Tax-Exempt),"Loan, Tax-Exempt",24,8%,30136369,,,
CA-24-540,Banc of CA (Taxable),"Loan, Taxable",24,8%,10325688,,,
CA-24-540,Red Stone (Tax Credit Equity) ,"Equity, LIHTC Investor",,,7321641,,,
CA-24-540,Deferred Costs (Developer),"Developer Fee, Deferral",,,9865147,,,
CA-24-541,"CitiBank, N.A.","Loan, Tax-Exempt",30,7%,29957662,,,
CA-24-541,DSS-CCE,"Loan, Residual Receipts",0,0%,22683505,,,
CA-24-541,State HCD - IIG,"Loan, Residual Receipts",0,0%,2588960,,,
CA-24-541,Deferred Costs,Cost Deferral,0,0%,3875588,,,
CA-24-541,Enterprise Housing Credit Investments,"Equity, LIHTC Investor",0,0%,1027858.5,,,
CA-24-542,Chase Const Loan Tax-Exempt,"Loan, Tax-Exempt",43,7%,53257010,,,
CA-24-542,Chase Const Loan Taxable,"Loan, Taxable",43,8%,33851102,,,
CA-24-542,City of Santa Cruz - AHTF,"Loan, Residual Receipts",43,3%,1750000,,,
CA-24-542,City of Santa Cruz - LHTF,"Loan, Residual Receipts",43,3%,3805000,,,
CA-24-542,Costs deferred to Perm,Cost Deferral,,,2509603.5,,,
CA-24-542,Deferred Developer Fee,"Developer Fee, Deferral",,,10244374,,,
CA-24-542,LP Equity,"Equity, LIHTC Investor",,,4694052,,,
CA-24-543,"Citibank, N.A./Tax-Exempt Bond","Loan, Tax-Exempt",36,7%,49430297,,,
CA-24-543,"Citibank, N.A./Taxable Bond","Loan, Tax-Exempt",36,7%,28677703,,,
CA-24-543,Cost Deferred to Conversion,Cost Deferral,,,780294,,,
CA-24-543,Deferred Dev Fee,"Developer Fee, Deferral",,,13951484.63,,,
CA-24-543,Aegon/LIHTC Equity,"Equity, LIHTC Investor",,,8791443.18,,,
CA-24-543,Aegon/State TC Equity,"Equity, Other Investor",,,1025285.17,,,
CA-24-544,Tax Exempt Const. Loan,"Loan, Tax-Exempt",30,8%,19100000,,,
CA-24-544,Tax Exempt Recycled Bonds,"Loan, Taxable",30,8%,3939362,,,
CA-24-544,City of San Luis Obispo - Impace Fee Deferral Loan,"Loan, Residual Receipts",30,3%,589686,,,
CA-24-544,Deferred Developer Fee,"Developer Fee, Deferral",,,4282714,,,
CA-24-544,Wathen Land Donation,Value of Donation,,,2140000,,,
CA-24-544,General Partner Equity,"Equity, General Partner",,,100,,,
CA-24-544,Limited Partner Equity,"Equity, LIHTC Investor",,,6175708,,,
CA-24-544,Other Costs Deferred Until Completion,Cost Deferral,,,265800,,,
CA-24-545,Tax Exempt Const. Loan,"Loan, Tax-Exempt",30,9%,20600000,,,
CA-24-545,County (10 SNHP)/(1 MHSA),"Loan, Residual Receipts",30,3%,1759040,,,
CA-24-545,City of Buena Park Land Loan,"Loan, Residual Receipts",30,1%,3850000,,,
CA-24-545,City of Buena Park Dev. Loan,"Loan, Residual Receipts",30,1%,1000000,,,
CA-24-545,Deferred Develper Fee,"Developer Fee, Deferral",,,4130884,,,
CA-24-545,CalOptima Grant/MGP Loan,"Loan, General Partner",,,8000000,,,
CA-24-545,General Partner Equity,"Equity, General Partner",,,100,,,
CA-24-545,Limited Partner Equity,"Equity, LIHTC Investor",,,1684295,,,
CA-24-545,Other Costs Deferred Until Completion,Cost Deferral,,,324100,,,
CA-24-546,Banner Bank Tax-Exempt Construction Loan,"Loan, Tax-Exempt",34,8%,67291911,,,
CA-24-546,Banner Bank Taxable Construction Loan,"Loan, Conventional",34,8%,6701094,,,
CA-24-546,City of Mountain View RR Loan,"Loan, Residual Receipts",34,3%,12250000,,,
CA-24-546,Santa Clara County RR Loan,"Loan, Residual Receipts",34,3%,19750000,,,
CA-24-546,General Partner Equity,"Equity, General Partner",,,100,,,
CA-24-546,Deferred Developer Fee,"Developer Fee, Deferral",,,5132000,,,
CA-24-546,Deferred Costs,Cost Deferral,,,6759762,,,
CA-24-546,Raymond James Tax Credit Equity,"Equity, LIHTC Investor",,,10713181,,,
CA-24-547,Chase - Tax-Exempt Loan,"Loan, Tax-Exempt",30,7%,46444289.69,,,
CA-24-547,Chase - Taxable Loan,"Loan, Taxable",30,8%,10445363.28,,,
CA-24-547,Raymond James - Tax Credit Equity,"Equity, LIHTC Investor",,,5784798.964,,,
CA-24-547,HACLA Seller Carry-Back Loan,"Loan, Seller Note",30,3%,4950000,,,
CA-24-547,HACLA Gap Loan,"Loan, Residual Receipts",30,3%,5135000,,,
CA-24-547,HACLA Supplemental Gap Loan,"Loan, Residual Receipts",30,0%,9000000,,,
CA-24-547,"Rose Hill Courts II Housing Partners, L.P. - Deferred Developer Fee","Developer Fee, Deferral",,,9025000,,,
CA-24-547,"Rose Hill Courts II Housing Partners, L.P. - Deferred Operating Deficit",Cost Deferral,,,1461874.49,,,
CA-24-548,Rose Community Capital LLC,"Loan, Tax-Exempt",24,7%,45857491,,,
CA-24-548,Rose Community Capital LLC,"Loan, Tax-Exempt, Recycled",24,7%,7000000,,,
CA-24-548,Rose Community Capital LLC,"Loan, Taxable",24,8%,11284166,,,
CA-24-548,Walker & Dunlop,"Equity, LIHTC Investor",,,11280865,,,
CA-24-548,Community Builders Group,"Developer Fee, Deferral",,,10875294,,,
CA-24-548,Community Builders Group,Cost Deferral,,,752873,,,
CA-24-549,Tax Exempted Bonds ,"Loan, Tax-Exempt",204,4%,12500000,,,
CA-24-549,Net Operating Income,Net Operating Income,,,521224,,,
CA-24-549,Seller Credit for ST Reserve,Other Source,,,365390,,,
CA-24-549,Seller Note ,"Loan, Seller Note",210,8%,181610,,,
CA-24-549,City of Vacaville ,"Loan, Residual Receipts",,1%,2035998.41,,,
CA-24-549,Deferred Developer Fee,"Developer Fee, Deferral",180,,1534623.39,,,
CA-24-549,Tax Credit Equity ,"Equity, LIHTC Investor",,,7931574,,,
CA-24-550,Citibank Tax-Exempt Construction Loan,"Loan, Tax-Exempt",32,7%,29358653,,,
CA-24-550,HCD Housing Development Fund,Grant,,,3000000,,,
CA-24-550,Citibank Taxable Construction Loan,"Loan, Taxable",32,8%,12521146,,,
CA-24-550,CMFA Recycled Bonds,"Loan, Tax-Exempt, Recycled",32,7%,4000000,,,
CA-24-550,Costs Deferred Until Conversion,Cost Deferral,,,2269052,,,
CA-24-550,Deferred Developer Fee,"Developer Fee, Deferral",,,3734263,,,
CA-24-550,LP Equity,"Equity, General Partner",,,3509702,,,
CA-24-551,"Citibank, N.A.","Loan, Tax-Exempt",24,7%,32230434,,,
CA-24-551,"Citibank, N.A.","Loan, Taxable",24,8%,9426437,,,
CA-24-551,City of Vacaville,"Loan, Residual Receipts",24,1%,4900000,,,
CA-24-551,City of Vacaville,"Loan, Seller Note",24,1%,2100000,,,
CA-24-551,"C.F.Y. Development, Inc. / Egis Group, Inc.",Cost Deferral,,,850515,,,
CA-24-551,"C.F.Y. Development, Inc. / Egis Group, Inc.","Developer Fee, Deferral",,,7369668,,,
CA-24-551,WNC & Associates,"Equity, LIHTC Investor",,,3713232,,,
CA-24-552,Citi Community Capital-Tax Exempt,"Loan, Tax-Exempt",24,8%,40600000,,,
CA-24-552,Citi Community Capital- Recycled Bonds,"Loan, Tax-Exempt, Recycled",24,8%,5000000,,,
CA-24-552,Citi Community Capital-Taxable Bonds,"Loan, Taxable",24,8%,7328226.281,,,
CA-24-552,Master Developer Gap Loan,"Loan, Residual Receipts",660,3%,8724750,,,
CA-24-552,Raymond James Federal LIHTC Equity,"Equity, LIHTC Investor",,,3566659.637,,,
CA-24-552,"Deferred Costs, Interest, and Fees during Construction",Cost Deferral,,,13767425.59,,,
CA-24-553,Banner Bank,"Loan, Tax-Exempt",24,8%,10693101,,,
CA-24-553,Recycled Bonds Loan,"Loan, Residual Receipts",24,3%,3000000,,,
CA-24-553,City of Rocklin,"Loan, Residual Receipts",24,3%,2600000,,,
CA-24-553,City of Rocklin - Ground Lease,"Loan, Residual Receipts",24,0%,631916,,,
CA-24-553,Costs Deferred Until Conversion,Cost Deferral,,,1343809,,,
CA-24-553,Deferred Developer Fee,"Developer Fee, Deferral",,,980109,,,
CA-24-553,Limited Partner Equity,"Equity, General Partner",,,2763490,,,
CA-24-554,JP Morgan Chase -tax exempt,"Loan, Tax-Exempt",18,7%,12991250,,,
CA-24-554,JP Morgan Chase taxable ,"Loan, Taxable",18,8%,4063595,,,
CA-24-554,"City of Windsor, land/rr","Loan, Residual Receipts",660,1%,1765000,,,
CA-24-554,"City of Windsor, impact fee","Loan, Residual Receipts",660,1%,712000,,,
CA-24-554,Sonoma County HOME ,"Loan, Residual Receipts",660,3%,598302,,,
CA-24-554,Raymond James ,"Equity, LIHTC Investor",,,4908030,,,
CA-24-554,LINC Housing Corporation ,"Developer Fee, Deferral",,,288789,,,
CA-24-554,LINC Housing Corporation ,Accrued Interest,,,117631,,,
CA-24-554,Linc Windsor LLC,"Equity, General Partner",,,100,,,
CA-24-554,costs deferred until completion,Cost Deferral,,,861160,,,
CA-24-555,Chase Bank - Tax-Exempt Construction Loan,"Loan, Tax-Exempt",30,7%,41450000,,,
CA-24-555,Chase Bank - Taxable Construction Loan,"Loan, Taxable",30,8%,6696340,,,
CA-24-555,LAHD -  ULA,"Loan, Residual Receipts",30,3%,13500000,,,
CA-24-555,LAHD - HHH,"Loan, Residual Receipts",30,3%,5670000,,,
CA-24-555,HCD - IIG,Grant,,,3845977,,,
CA-24-555,Deferred Costs,Cost Deferral,,,2752273,,,
CA-24-555,Deferred/Accrued Interest,Accrued Interest,,,333434,,,
CA-24-555,Capital Contribution (Limited Partner),"Equity, LIHTC Investor",,,5580421,,,
CA-24-556,CitiBank Tax-Exempt Bonds,"Loan, Tax-Exempt",204,7%,48003469,,,
CA-24-556,Subordinate Tax Exempt Loan (CAP 10),"Loan, Tax-Exempt",204,10%,10000000,,,
CA-24-556,CitiBank - Recycled TE bonds,"Loan, Tax-Exempt, Recycled",204,7%,12346531,,,
CA-24-556,Investor Equity,"Equity, LIHTC Investor",,,34457878,,,
CA-24-556,Net operating income,Net Operating Income,,,3415863,,,
CA-24-556,Deferred developer fee,"Developer Fee, Deferral",,,10406385,,,
CA-24-557,Banner Bank,"Loan, Tax-Exempt",27,7%,37650000,,,
CA-24-557,Banner Bank,"Loan, Taxable",27,8%,17550000,,,
CA-24-557,Managing General Partner,"Loan, General Partner",696,3%,3400000,,,
CA-24-557,WNC,"Equity, LIHTC Investor",,,4365000,,,
CA-24-558,CitiBank Tax-Exempt Bond,"Loan, Tax-Exempt",204,7%,26316600,,,
CA-24-558,Subordinate Tax Exempt Loan (CAP 10),"Loan, Tax-Exempt",204,10%,11000000,,,
CA-24-558,CitiBank Tax-exempt Recycle Bond,(select),204,7%,8183400,,,
CA-24-558,Tax Credit Equity,"Equity, LIHTC Investor",,,22952129,,,
CA-24-558,Deferred developer fee,"Developer Fee, Deferral",,,6504997,,,
CA-24-559,Citi- Tax  Exempt construction Loan,"Loan, Tax-Exempt",35,7%,32660000,,,
CA-24-559,Citi- Taxable Construction Loan ,"Loan, Taxable",35,7%,16219614,,,
CA-24-559,LACDA - AHTF,"Loan, Residual Receipts",35,3%,6900000,,,
CA-24-559,LACDA - Accrued deferred interest,Accrued Interest,35,3%,344574,,,
CA-24-559,Costs Deferred until conversion,Cost Deferral,,,2123936,,,
CA-24-559,HCD IIG,Grant,35,0%,2880000,,,
CA-24-559,LIHTC Equity,"Equity, LIHTC Investor",,,4147825,,,
CA-24-559,GP Equity,"Equity, General Partner",,,100,,,
CA-24-560,Chase Tax-Exempt Construction Loan,"Loan, Tax-Exempt",36,7%,28000000,,,
CA-24-560,Chase Taxable Tail,(select),36,8%,3480000,,,
CA-24-560,City of Elk Grove AHP Loan,"Loan, Residual Receipts",660,4%,5436000,,,
CA-24-560,HCD HOME,"Loan, Residual Receipts",660,3%,7000000,,,
CA-24-560,DDS Multifamily Loan,"Loan, Residual Receipts",660,3%,2100000,,,
CA-24-560,Contributed/Deferred Developer Fee,"Developer Fee, Contribution",,,4020000,,,
CA-24-560,Deferred Costs,Cost Deferral,,,1673738,,,
CA-24-560,GP Capital,"Equity, General Partner",,,100,,,
CA-24-560,Limited Partner Tax Credit Equity,"Equity, LIHTC Investor",,,2107594,,,
CA-24-561,Citibank,"Loan, Tax-Exempt",24,8%,22300000,,,
CA-24-561,City of Alhambra,"Loan, Residual Receipts",660,3%,5830000,,,
CA-24-561,LACDA - AHTF,"Loan, Residual Receipts",660,3%,5350000,,,
CA-24-561,San Gabriel Valley Regional Housing Trust,"Loan, Conventional",24,3%,2392510,,,
CA-24-561,San Gabriel Valley Regional Housing Trust,"Loan, Residual Receipts",660,3%,1000000,,,
CA-24-561,Tax Credit Equity,"Equity, LIHTC Investor",,,4277860,,,
CA-24-561,Deferred Developer Fee,"Developer Fee, Deferral",,,1650022,,,
CA-24-561,Costs Deferred Until Conversion,Cost Deferral,,,570490,,,
CA-24-562,Citi Community Capital Tax Exempt,"Loan, Tax-Exempt",30,8%,75000000,,,
CA-24-562,Citi Community Capital Taxable Tail,"Loan, Taxable",30,9%,27636000,,,
CA-24-562,HACLA,"Loan, Residual Receipts",30,4%,750000,,,
CA-24-562,Cost Deferred Until Conversion,Cost Deferral,,,4152001,,,
CA-24-562,Deferred Developer Fee,"Developer Fee, Deferral",,,11253298,,,
CA-24-562,GP Equity,"Equity, General Partner",,,100,,,
CA-24-562,Investor Limited Partner ,"Equity, LIHTC Investor",,,30712870,,,
CA-24-563,Citibank,"Loan, Tax-Exempt",24,8%,21557580,,,
CA-24-563,"Domus Development, LLC","Developer Fee, Deferral",24,,1750000,,,
CA-24-563,LACDA AHTF,"Loan, Residual Receipts",684,3%,7000000,,,
CA-24-563,LACDA HOME-ARP,"Loan, Residual Receipts",684,3%,9030350,,,
CA-24-563,Domus GP LLC,"Equity, General Partner",,,1401324,,,
CA-24-563,Cost Deferred During Construction,Cost Deferral,,,277466,,,
CA-24-563,Walker & Dunlop Affordable Equity,"Equity, LIHTC Investor",,,1633502,,,
CA-24-564,Bellwether Tax Exempt Construction Loan,"Loan, Tax-Exempt",24,6%,22386641,,,
CA-24-564,Bellwether Recycled Bond Loan,"Loan, Tax-Exempt, Recycled",24,6%,10680948,,,
CA-24-564,Family Health Centers Ground Lease Note,"Loan, Residual Receipts",24,,5200000,,,
CA-24-564,Family Health Centers Soft Loan,"Loan, Residual Receipts",24,,5000000,,,
CA-24-564,Costs Deferred to Permanent Conversion,Cost Deferral,,,1966477.45,,,
CA-24-564,Deferred Developer Fee ,"Developer Fee, Deferral",,,3004111,,,
CA-24-564,LP Equity During Construction (Net),"Equity, LIHTC Investor",,,1885057.45,,,
CA-24-565,Citibank - Construction Loan,"Loan, Tax-Exempt",26,8%,15750000,,,
CA-24-565,HCD IIG Grant,Grant,55,0%,2467972,,,
CA-24-565,LACDA AHTF Loan,(select),57,3%,3033800,,,
CA-24-565,CREA - TC Equity Proceeds,"Equity, LIHTC Investor",15,0%,6297818,,,
CA-24-565,Deferred Costs,"Developer Fee, Deferral",,0%,3320238,,,
CA-24-566,GreyStone[GHI] - Tax Exempt,"Loan, Tax-Exempt",18,7%,29887200,,,
CA-24-566,GreyStone[GHII] - Recycled Bonds,"Loan, Tax-Exempt, Recycled",18,7%,9285360,,,
CA-24-566,GreyStone[GHII] - Taxable Bond,"Loan, Taxable",18,7%,0,,,
CA-24-566,Investor Equity,"Equity, LIHTC Investor",,,6546046,,,
CA-24-566,Deferred Developer Fee,"Developer Fee, Deferral",,,5705609,,,
CA-24-566,Property Donation,Value of Donation,,,7178084.354,,,
CA-24-566,Seller Carryback,"Loan, Seller Note",,,1500000,,,
CA-24-566,GP Equity,"Equity, General Partner",,,100,,,
CA-24-566,Defeerred to Permanent Conversion,Cost Deferral,,,1799999.646,,,
CA-24-567,GreyStone[GHI] - Tax Exempt,"Loan, Tax-Exempt",18,7%,31543000,,,
CA-24-567,GreyStone[GHII] - Recycled Bonds,"Loan, Tax-Exempt, Recycled",18,7%,9850344,,,
CA-24-567,Investor Equity,"Equity, LIHTC Investor",,,6264988,,,
CA-24-567,Deferred Developer Fee,"Developer Fee, Deferral",,,4453790,,,
CA-24-567,Property Donation,Value of Donation,,,8602134.897,,,
CA-24-567,Seller Carryback,"Loan, Seller Note",,,3900000,,,
CA-24-567,GP Equity,"Equity, General Partner",,,100,,,
CA-24-567,Deferred to Permanent Conversion,Cost Deferral,,,1054600.103,,,
CA-24-568,Banc of CA (Tax-Exempt),"Loan, Tax-Exempt",30,7%,16135303,,,
CA-24-568,Banc of CA (Taxable) ,"Loan, Taxable",30,7%,1737217,,,
CA-24-568,Red Stone Equity Partner (Tax Credit Proceeds),"Equity, LIHTC Investor",,,3734027,,,
CA-24-568,HASBARCO Loan,"Loan, Residual Receipts",660,4%,4000000,,,
CA-24-568,Deferred Costs,"Developer Fee, Deferral",,,5112773,,,
